,StreamID,Brick,count,first_t,last_t,mean,std,min,q1,median,q3,max,nUnique
3,bb16be5e_a08a_4cab_8e55_bbe1814282e7,Point,143720,2021-01-01T00:03:14.637Z,2023-12-31T23:52:03.107Z,0,0,0,0,0,0,0,1
4,10dd4bbe_3172_40e0_8a13_b054d298e5bb,Point,143674,2021-01-01T00:03:14.649Z,2023-12-31T23:52:03.124Z,0,0,0,0,0,0,0,1
13,5d796f92_44d6_49e8_8066_2e7b49f0c3b6,Point,143683,2021-01-01T00:03:14.756Z,2023-12-31T23:52:03.285Z,0,0,0,0,0,0,0,1
14,5f9f7014_bc31_43dc_9264_9ece2cdb0634,Mode_Command,143622,2021-01-01T00:03:14.768Z,2023-12-31T23:52:03.302Z,0,0,0,0,0,0,0,1
15,cd93898e_ec21_4d45_95fe_502ad92fa0ba,Mode_Command,49999,2021-01-01T00:03:14.779Z,2021-12-16T15:39:42.894Z,0,0,0,0,0,0,0,1
16,513e3e0f_6155_433d_9d60_8c82ff0c2557,Reset_Command,143748,2021-01-01T00:03:14.790Z,2023-12-31T23:52:03.341Z,0,0,0,0,0,0,0,1
24,e6b582c5_0beb_44f6_8f82_0a809ef27ecc,Mode_Command,143683,2021-01-01T00:03:14.880Z,2023-12-31T23:52:03.497Z,0,0,0,0,0,0,0,1
31,1b0e031e_c5e0_4b2d_add0_858f0887e48d,Point,143629,2021-01-01T00:03:14.960Z,2023-12-31T23:52:03.630Z,0,0,0,0,0,0,0,1
32,e777c567_724d_4725_a7e1_42599f4533e3,Point,143646,2021-01-01T00:03:14.971Z,2023-12-31T23:52:03.647Z,0,0,0,0,0,0,0,1
41,e28ee52d_7a14_4163_bb03_13ce27778b40,Point,143619,2021-01-01T00:03:15.073Z,2023-12-31T23:52:03.822Z,0,0,0,0,0,0,0,1
42,ba8f5b91_c7f1_4a2d_945d_3adcf08dc6de,Mode_Command,143619,2021-01-01T00:03:15.084Z,2023-12-31T23:52:03.845Z,0,0,0,0,0,0,0,1
44,959a5f3c_b4a5_40c7_a2ce_ea1a0940779c,Reset_Command,143654,2021-01-01T00:03:15.105Z,2023-12-31T23:52:03.880Z,0,0,0,0,0,0,0,1
52,bc56632b_7fec_4de5_a4a7_d202851b8c25,Mode_Command,143618,2021-01-01T00:03:15.199Z,2023-12-31T23:52:04.032Z,0,0,0,0,0,0,0,1
59,c0f823c9_267a_4f1c_aa81_0bde5ae54e07,Point,143572,2021-01-01T00:03:15.278Z,2023-12-31T23:52:04.214Z,0,0,0,0,0,0,0,1
60,286a5220_5396_4af5_a987_abedc6fadf54,Point,143649,2021-01-01T00:03:15.289Z,2023-12-31T23:52:04.228Z,0,0,0,0,0,0,0,1
69,dda62a6f_eb2a_47f5_b20f_faaee84df9dd,Point,143501,2021-01-01T00:03:15.389Z,2023-12-31T23:52:04.394Z,0,0,0,0,0,0,0,1
70,c9114da7_5de4_44dc_8f21_57dc1703755b,Mode_Command,143548,2021-01-01T00:03:15.400Z,2023-12-31T23:52:04.410Z,0,0,0,0,0,0,0,1
72,aa3c01a9_f83c_4445_b744_b58f3a7dbea1,Reset_Command,143648,2021-01-01T00:03:15.423Z,2023-12-31T23:52:04.443Z,0,0,0,0,0,0,0,1
80,174f5c9a_7774_4063_898c_b05f29ae1c79,Mode_Command,143575,2021-01-01T00:03:15.515Z,2023-12-31T23:52:04.590Z,0,0,0,0,0,0,0,1
87,80527669_80b4_4267_b3f7_b5e0f0aa68e1,Point,143515,2021-01-01T00:03:15.593Z,2023-12-31T23:52:04.720Z,0,0,0,0,0,0,0,1
88,859dfd12_ae72_45ce_9339_f93f94c3bba2,Point,143534,2021-01-01T00:03:15.605Z,2023-12-31T23:52:04.737Z,0,0,0,0,0,0,0,1
97,834eeace_b35d_4c33_95c2_f3c0224c45b6,Point,143461,2021-01-01T00:03:15.706Z,2023-12-31T23:52:04.902Z,0,0,0,0,0,0,0,1
98,d8d3f744_9079_4974_bd87_d1e00cbf63ec,Mode_Command,143510,2021-01-01T00:03:15.716Z,2023-12-31T23:52:04.918Z,0,0,0,0,0,0,0,1
100,b83ab5c8_c885_4e2c_9914_69a9bfbdc4f3,Reset_Command,143578,2021-01-01T00:03:15.740Z,2023-12-31T23:52:04.962Z,0,0,0,0,0,0,0,1
108,97623167_4c3e_4127_81c9_1479f3c7d07d,Mode_Command,143525,2021-01-01T00:03:15.830Z,2023-12-31T23:52:05.103Z,0,0,0,0,0,0,0,1
115,fbeda7fa_1d9d_47c6_bc32_8faf21a25732,Point,143433,2021-01-01T00:03:15.959Z,2023-12-31T23:52:05.230Z,0,0,0,0,0,0,0,1
116,13be1a63_ec02_46a3_b3c2_4d68d0c76f92,Point,143488,2021-01-01T00:03:15.970Z,2023-12-31T23:52:05.246Z,0,0,0,0,0,0,0,1
125,68e8588c_9395_441c_97d4_1b5bb056ee80,Point,143444,2021-01-01T00:03:16.067Z,2023-12-31T23:52:05.400Z,0,0,0,0,0,0,0,1
126,3349d16a_88c2_47ca_80c8_679ecd929e27,Mode_Command,143418,2021-01-01T00:03:16.078Z,2023-12-31T23:52:05.418Z,0,0,0,0,0,0,0,1
128,ebca65ca_f6d5_4a7f_a861_6659dca8935b,Reset_Command,143477,2021-01-01T00:03:16.099Z,2023-12-31T23:52:05.457Z,0,0,0,0,0,0,0,1
136,fad205e6_9ccb_4938_97b5_1c9b11da395b,Mode_Command,143389,2021-01-01T00:03:16.185Z,2023-12-31T23:52:05.598Z,0,0,0,0,0,0,0,1
143,99f93911_2af6_42e8_876b_2317dd9f9be6,Point,143401,2021-01-01T00:03:16.263Z,2023-12-31T23:52:05.725Z,0,0,0,0,0,0,0,1
144,2dbf4503_071a_42a9_9ede_4de1c4bc80ad,Point,143440,2021-01-01T00:03:16.274Z,2023-12-31T23:52:05.743Z,0,0,0,0,0,0,0,1
153,cc6fa510_5ab5_4c02_bcd1_a60087842dde,Point,143333,2021-01-01T00:03:16.367Z,2023-12-31T23:52:05.891Z,0,0,0,0,0,0,0,1
154,50ac3787_751a_4ad4_8527_c8dea8a15063,Mode_Command,143376,2021-01-01T00:03:16.378Z,2023-12-31T23:52:05.908Z,0,0,0,0,0,0,0,1
156,5cbf9b60_918b_4233_a9a8_621aaebc1a51,Reset_Command,143498,2021-01-01T00:03:16.400Z,2023-12-31T23:52:05.941Z,0,0,0,0,0,0,0,1
164,51481b9c_8637_4aec_86ee_dbe1c40ce6d0,Mode_Command,143373,2021-01-01T00:03:16.487Z,2023-12-31T23:52:06.074Z,0,0,0,0,0,0,0,1
171,bad34de4_aeaa_408b_baf1_9fc4abe2d71f,Point,143325,2021-01-01T00:03:16.561Z,2023-12-31T23:52:06.200Z,0,0,0,0,0,0,0,1
172,91e967bb_d79b_4b1f_88d4_73c47dbac4f4,Point,143351,2021-01-01T00:03:16.572Z,2023-12-31T23:52:06.216Z,0,0,0,0,0,0,0,1
181,764d4d44_aa29_4e19_8396_2821126f0ad0,Point,143323,2021-01-01T00:03:16.680Z,2023-12-31T23:52:06.373Z,0,0,0,0,0,0,0,1
182,65d60058_0589_449e_9822_dfda471f6e17,Mode_Command,143329,2021-01-01T00:03:16.690Z,2023-12-31T23:52:06.394Z,0,0,0,0,0,0,0,1
184,3f566df3_7fa4_4416_aed0_2ba55e9a08b7,Reset_Command,143385,2021-01-01T00:03:16.712Z,2023-12-31T23:52:06.433Z,0,0,0,0,0,0,0,1
192,1b16c523_9b12_4caf_ad8e_2c2612242064,Mode_Command,143321,2021-01-01T00:03:16.805Z,2023-12-31T23:52:06.573Z,0,0,0,0,0,0,0,1
199,28bf16d4_2f1d_4627_8a7f_47a5c23d0319,Point,143259,2021-01-01T00:03:16.887Z,2023-12-31T23:52:06.699Z,0,0,0,0,0,0,0,1
200,6e2b3e2e_3cb6_4188_953e_70787e13317b,Point,143290,2021-01-01T00:03:16.897Z,2023-12-31T23:52:06.718Z,0,0,0,0,0,0,0,1
209,3f7a52b5_3acb_4d55_b999_38e275b2c4d9,Point,143263,2021-01-01T00:03:16.998Z,2023-12-31T23:52:06.872Z,0,0,0,0,0,0,0,1
210,129418f4_ffec_4676_918f_38b750f08de3,Mode_Command,143244,2021-01-01T00:03:17.010Z,2023-12-31T23:52:06.896Z,0,0,0,0,0,0,0,1
212,c4a521a3_b6fe_4114_bc16_ac119e9eb6af,Reset_Command,143314,2021-01-01T00:03:17.032Z,2023-12-31T23:52:06.935Z,0,0,0,0,0,0,0,1
220,7c092694_762f_458a_8b38_2f8514599cd4,Mode_Command,143278,2021-01-01T00:03:17.129Z,2023-12-31T23:52:07.073Z,0,0,0,0,0,0,0,1
239,09cb5556_3853_42e1_9825_93d7a8e154d6,Enable_Status,143653,2021-01-01T00:03:14.385Z,2023-12-31T23:52:02.762Z,0,0,0,0,0,0,0,1
244,78c4b52a_2a28_4f96_b61e_688ef42252c2,Enable_Status,143701,2021-01-01T00:03:14.441Z,2023-12-31T23:52:02.844Z,0,0,0,0,0,0,0,1
249,929a697d_9146_4a66_aafb_cbae7840c19f,Point,144823,2021-01-01T00:03:11.622Z,2023-12-31T23:51:58.703Z,0,0,0,0,0,0,0,1
250,df4b8090_b8d6_463b_a4c3_2eca10d64f41,Point,144972,2021-01-01T00:03:11.636Z,2023-12-31T23:51:58.719Z,0,0,0,0,0,0,0,1
260,117dffb3_c06b_4a53_b998_4fdfadc1749f,Mode_Command,144753,2021-01-01T00:03:11.762Z,2023-12-31T23:51:58.902Z,0,0,0,0,0,0,0,1
262,8909b642_116d_4eb4_8a41_87322ab1653e,Reset_Command,144783,2021-01-01T00:03:11.786Z,2023-12-31T23:51:58.934Z,0,0,0,0,0,0,0,1
263,d9fa4be7_46ca_4441_80d7_e23db0752d6f,Mode_Command,144867,2021-01-01T00:03:11.800Z,2023-12-31T23:51:58.951Z,0,0,0,0,0,0,0,1
289,503620bc_ceb3_43eb_9293_ce22386270f2,Point,144093,2021-01-01T00:03:13.292Z,2023-12-31T23:52:01.115Z,0,0,0,0,0,0,0,1
290,5b55a04e_8164_4266_a3eb_6b202e577f49,Point,144264,2021-01-01T00:03:13.303Z,2023-12-31T23:52:01.131Z,0,0,0,0,0,0,0,1
300,08925a51_9848_4f33_98f4_9e984f654005,Mode_Command,144159,2021-01-01T00:03:13.417Z,2023-12-31T23:52:01.306Z,0,0,0,0,0,0,0,1
302,b36d10da_c435_4e4b_b6af_f00cba018c6d,Reset_Command,144282,2021-01-01T00:03:13.440Z,2023-12-31T23:52:01.343Z,0,0,0,0,0,0,0,1
318,d335c293_979d_4fbd_933f_df753e90754f,Mode_Command,144059,2021-01-01T00:03:13.625Z,2023-12-31T23:52:01.631Z,0,0,0,0,0,0,0,1
329,8000eb50_5b29_4612_97f3_a6db6fdd7658,Point,143993,2021-01-01T00:03:13.751Z,2023-12-31T23:52:01.827Z,0,0,0,0,0,0,0,1
330,3faf947f_7f6b_4b46_ab76_98346e6d1f1f,Point,144033,2021-01-01T00:03:13.761Z,2023-12-31T23:52:01.846Z,0,0,0,0,0,0,0,1
371,c118b4d7_f3e6_4812_9262_ad29ffd54d17,Point,145725,2021-01-01T00:03:08.690Z,2023-12-31T23:51:53.679Z,0,0,0,0,0,0,0,1
372,763a4142_1801_4949_8938_8d3139541052,Point,145385,2021-01-01T00:03:08.722Z,2023-12-31T23:51:53.742Z,0,0,0,0,0,0,0,1
382,186704a4_285b_45ba_a0dc_38b289401e9b,Mode_Command,145198,2021-01-01T00:03:08.951Z,2023-12-31T23:51:54.252Z,0,0,0,0,0,0,0,1
384,a33d438e_c1b7_49ab_a0cd_48a3a87a9e48,Reset_Command,145376,2021-01-01T00:03:08.990Z,2023-12-31T23:51:54.331Z,0,0,0,0,0,0,0,1
391,e563effc_565a_4244_a12c_43f23093d4fe,Mode_Command,145283,2021-01-01T00:03:09.158Z,2023-12-31T23:51:54.758Z,0,0,0,0,0,0,0,1
416,3ee9ce5d_006c_4905_b410_10f7ba57ba12,Enable_Status,145175,2021-01-01T00:03:09.766Z,2023-12-31T23:51:55.753Z,0,0,0,0,0,0,0,1
421,ea0c677a_2e24_4e28_8d2c_0d3de7a3b1be,Point,145129,2021-01-01T00:03:09.858Z,2023-12-31T23:51:55.904Z,0,0,0,0,0,0,0,1
422,ad2ef22c_f72b_49b9_becb_4d212737558d,Point,145106,2021-01-01T00:03:09.879Z,2023-12-31T23:51:55.939Z,0,0,0,0,0,0,0,1
483,54d6551c_ee4b_48a2_9986_a9430348abc5,System_Status,145134,2021-01-01T00:03:10.905Z,2023-12-31T23:51:57.634Z,0,0,0,0,0,0,0,1
498,d2a1adf3_b2d7_4fd2_b186_7aa9f02393f5,Cooling_Demand_Sensor,144997,2021-01-01T00:03:11.073Z,2023-12-31T23:51:57.951Z,0,0,0,0,0,0,0,1
502,d23493cb_ae9d_4402_9f22_bb41d9f35697,Cooling_Command,144884,2021-01-01T00:03:11.117Z,2023-12-31T23:51:58.015Z,0,0,0,0,0,0,0,1
503,09507f19_2973_4140_8e56_c40fc0a3eb89,Mode_Status,144976,2021-01-01T00:03:11.129Z,2023-12-31T23:51:58.030Z,0,0,0,0,0,0,0,1
507,e53e4237_11e5_4540_a661_6fb6c56175b3,Temperature_Parameter,144770,2021-01-01T00:03:11.377Z,2023-12-31T23:51:58.393Z,0,0,0,0,0,0,0,1
508,720e338b_e716_4fc4_b3d0_0d5365810248,Temperature_Parameter,144618,2021-01-01T00:03:11.387Z,2023-12-31T23:51:58.407Z,0,0,0,0,0,0,0,1
509,74380a4f_8711_4ec3_a998_89ea73bb79ef,Temperature_Parameter,144702,2021-01-01T00:03:11.399Z,2023-12-31T23:51:58.420Z,0,0,0,0,0,0,0,1
510,a77c6752_5d77_4c68_9276_c140dce06bd8,Temperature_Parameter,144492,2021-01-01T00:03:11.410Z,2023-12-31T23:51:58.434Z,0,0,0,0,0,0,0,1
511,9b817310_cf85_44bf_bade_f23a09f219f5,Temperature_Parameter,144577,2021-01-01T00:03:11.419Z,2023-12-31T23:51:58.448Z,0,0,0,0,0,0,0,1
512,5889cad4_b62d_43d0_9c82_fc18bb1bd7bc,Temperature_Parameter,144596,2021-01-01T00:03:11.431Z,2023-12-31T23:51:58.462Z,0,0,0,0,0,0,0,1
514,e81c7a56_d6f0_4b0d_85b8_69f4b08429e6,Temperature_Parameter,143550,2021-01-01T00:03:14.570Z,2023-12-31T23:52:03.014Z,0,0,0,0,0,0,0,1
515,2e3fb64b_4ceb_40ff_b19d_17c1836f8c37,Temperature_Parameter,143519,2021-01-01T00:03:14.580Z,2023-12-31T23:52:03.028Z,0,0,0,0,0,0,0,1
516,f71aaa70_ce0f_4bc0_9e80_611080a253b3,Temperature_Parameter,143770,2021-01-01T00:03:14.592Z,2023-12-31T23:52:03.042Z,0,0,0,0,0,0,0,1
518,9964a810_f5c5_44a5_bcbf_67697acc3987,Temperature_Parameter,143585,2021-01-01T00:03:14.507Z,2023-12-31T23:52:02.929Z,0,0,0,0,0,0,0,1
519,6a172353_cb12_4b12_80b6_c8649f46a399,Temperature_Parameter,143545,2021-01-01T00:03:14.517Z,2023-12-31T23:52:02.943Z,0,0,0,0,0,0,0,1
520,27718d38_38cc_4654_a19e_c2451d186176,Temperature_Parameter,143606,2021-01-01T00:03:14.527Z,2023-12-31T23:52:02.957Z,0,0,0,0,0,0,0,1
522,eb1f4b29_8cf0_4cf6_98f5_6207bae38b36,Temperature_Parameter,142822,2021-01-01T00:03:17.987Z,2023-12-31T23:52:08.432Z,0,0,0,0,0,0,0,1
523,01f9c23d_29d2_450d_ad4d_5f5ef965b4b0,Temperature_Parameter,142922,2021-01-01T00:03:17.997Z,2023-12-31T23:52:08.446Z,0,0,0,0,0,0,0,1
524,1c626054_c55f_4749_bf59_913ebeef5687,Temperature_Parameter,143011,2021-01-01T00:03:18.006Z,2023-12-31T23:52:08.464Z,0,0,0,0,0,0,0,1
526,01a1464a_0ff3_489b_92c0_0c4e150439dc,Temperature_Parameter,142929,2021-01-01T00:03:17.918Z,2023-12-31T23:52:08.344Z,0,0,0,0,0,0,0,1
527,ec850878_cdbc_493f_8562_544b1dcffeea,Temperature_Parameter,142982,2021-01-01T00:03:17.934Z,2023-12-31T23:52:08.360Z,0,0,0,0,0,0,0,1
528,8505af9f_fbfe_4c4c_8f65_afde6917e35d,Temperature_Parameter,142881,2021-01-01T00:03:17.945Z,2023-12-31T23:52:08.374Z,0,0,0,0,0,0,0,1
536,6708bc1c_a81c_406c_9796_23d81668a3d3,Point,144590,2021-01-01T00:03:12.120Z,2023-12-31T23:51:59.409Z,0,0,0,0,0,0,0,1
537,d734397b_0b5f_4f4f_a844_4136217037a4,Point,144708,2021-01-01T00:03:12.132Z,2023-12-31T23:51:59.425Z,0,0,0,0,0,0,0,1
547,8fa54d14_ccdf_4537_a7ad_66951165e4d6,Mode_Command,144567,2021-01-01T00:03:12.255Z,2023-12-31T23:51:59.591Z,0,0,0,0,0,0,0,1
549,c2299119_099a_4303_a9a1_6558bdeb9c4d,Reset_Command,144710,2021-01-01T00:03:12.278Z,2023-12-31T23:51:59.622Z,0,0,0,0,0,0,0,1
561,f78d9be8_3008_43ef_bfdb_037b7c4490b8,Mode_Command,144503,2021-01-01T00:03:12.425Z,2023-12-31T23:51:59.837Z,0,0,0,0,0,0,0,1
569,dd2914bd_cf1b_4d55_9438_dd3ee8266210,Point,144424,2021-01-01T00:03:12.520Z,2023-12-31T23:51:59.983Z,0,0,0,0,0,0,0,1
570,4ba3cfa5_45a0_45a5_8aff_b012b2846854,Point,144570,2021-01-01T00:03:12.532Z,2023-12-31T23:51:59.999Z,0,0,0,0,0,0,0,1
580,7a6ac413_5ddb_466a_9ae1_0b887ca84c04,Mode_Command,144382,2021-01-01T00:03:12.656Z,2023-12-31T23:52:00.174Z,0,0,0,0,0,0,0,1
582,3a087c14_6ced_4af0_b9c5_f5d1f825912c,Reset_Command,144578,2021-01-01T00:03:12.680Z,2023-12-31T23:52:00.207Z,0,0,0,0,0,0,0,1
594,d38703cc_2e6e_40a3_835d_d7c36f7d653b,Mode_Command,144394,2021-01-01T00:03:12.818Z,2023-12-31T23:52:00.426Z,0,0,0,0,0,0,0,1
602,410088e1_6fb7_44d4_b2f3_7ca6f2883383,Point,144303,2021-01-01T00:03:12.918Z,2023-12-31T23:52:00.557Z,0,0,0,0,0,0,0,1
603,00767c03_e4f1_4323_88db_4b3c5b048bd8,Point,144395,2021-01-01T00:03:12.930Z,2023-12-31T23:52:00.573Z,0,0,0,0,0,0,0,1
613,e91f4ad0_989b_427e_aa7b_9ac9d8a54543,Mode_Command,144253,2021-01-01T00:03:13.042Z,2023-12-31T23:52:00.741Z,0,0,0,0,0,0,0,1
615,19177032_972a_44c8_9c58_611c59d5df31,Reset_Command,144354,2021-01-01T00:03:13.065Z,2023-12-31T23:52:00.772Z,0,0,0,0,0,0,0,1
627,e35c6dbf_d24c_46b9_94d0_600f92134af1,Mode_Command,144223,2021-01-01T00:03:13.201Z,2023-12-31T23:52:00.981Z,0,0,0,0,0,0,0,1
635,c77d55b4_697c_4487_a36a_2717f43604dc,Point,143050,2021-01-01T00:03:17.596Z,2023-12-31T23:52:07.797Z,0,0,0,0,0,0,0,1
646,1f95f1d5_708a_46e6_86c4_e96b586650c6,Mode_Command,143086,2021-01-01T00:03:17.713Z,2023-12-31T23:52:08.000Z,0,0,0,0,0,0,0,1
648,fb220a7e_3082_44e9_929b_885001199fa5,Reset_Command,143159,2021-01-01T00:03:17.735Z,2023-12-31T23:52:08.036Z,0,0,0,0,0,0,0,1
660,e9a36f74_8882_4d65_a7cf_3126b6d59aa8,Mode_Command,143095,2021-01-01T00:03:17.865Z,2023-12-31T23:52:08.246Z,0,0,0,0,0,0,0,1
668,e8449989_e073_468a_ab2a_10c376f2b4cf,Point,143212,2021-01-01T00:03:17.215Z,2023-12-31T23:52:07.198Z,0,0,0,0,0,0,0,1
669,5c808e07_0a9c_47ac_bdab_45b4bea97be9,Point,143195,2021-01-01T00:03:17.226Z,2023-12-31T23:52:07.216Z,0,0,0,0,0,0,0,1
679,15384324_6bd2_416c_ac58_10874a4d3be4,Mode_Command,143150,2021-01-01T00:03:17.346Z,2023-12-31T23:52:07.393Z,0,0,0,0,0,0,0,1
681,2189ab4c_d8f5_435a_94b1_c64c304edb60,Reset_Command,143197,2021-01-01T00:03:17.366Z,2023-12-31T23:52:07.426Z,0,0,0,0,0,0,0,1
693,82127b54_d11f_4048_a039_29e9114b9364,Mode_Command,143142,2021-01-01T00:03:17.504Z,2023-12-31T23:52:07.646Z,0,0,0,0,0,0,0,1
701,4af1813e_7d65_43f7_8c7f_69b8fb4d7440,System_Status,145130,2021-01-01T00:03:11.142Z,2023-12-31T23:51:58.046Z,0,0,0,0,0,0,0,1
716,3058787c_07ef_4d8c_8214_872064f85f95,Heating_Demand_Sensor,144928,2021-01-01T00:03:11.313Z,2023-12-31T23:51:58.293Z,0,0,0,0,0,0,0,1
720,e16e016d_e13f_4077_a1f8_703c4a19d5a7,Heating_Command,144910,2021-01-01T00:03:11.356Z,2023-12-31T23:51:58.361Z,0,0,0,0,0,0,0,1
721,7274bab7_ada3_4c00_8d20_e84a8d33f995,Mode_Status,144594,2021-01-01T00:03:11.367Z,2023-12-31T23:51:58.376Z,0,0,0,0,0,0,0,1
0,3dfa2bab_f8f2_485b_80e9_5afdeeac9dc4,Temperature_Setpoint,143623,2021-01-01T00:03:14.602Z,2023-12-31T23:52:03.056Z,10.83057728,9.965447375,0,0,20,20,20,2
1,77ed01a5_11c3_4607_9bf8_342b947c88de,System_Enable_Command,143747,2021-01-01T00:03:14.613Z,2023-12-31T23:52:03.073Z,0.541040857,0.498312801,0,0,1,1,1,2
2,16b768f0_5fb1_4db3_b506_d811b7c67738,Proportional_Gain_Parameter,143652,2021-01-01T00:03:14.624Z,2023-12-31T23:52:03.089Z,5.414125804,4.982820468,0,0,10,10,10,2
10,bcdc4b0c_a939_4209_8b97_19338fa3aa94,Max_Temperature_Setpoint_Limit,143638,2021-01-01T00:03:14.721Z,2023-12-31T23:52:03.227Z,17.32689121,15.94488506,0,0,32,32,32,2
11,7ee07028_6c0c_4d1f_a868_9385bfa97884,Min_Temperature_Setpoint_Limit,143701,2021-01-01T00:03:14.732Z,2023-12-31T23:52:03.245Z,8.118315113,7.474468973,0,0,15,15,15,2
18,214836bc_229b_4cfe_930b_db3430b12f65,Enable_Status,143658,2021-01-01T00:03:14.814Z,2023-12-31T23:52:03.380Z,0.145567946,0.352672538,0,0,0,0,1,2
20,df8236b0_6ed6_4d78_91c6_1af723476015,Operating_Mode_Status,143653,2021-01-01T00:03:14.836Z,2023-12-31T23:52:03.419Z,0.541394889,0.498283517,0,0,1,1,1,2
25,58e9c3f3_0100_446a_b446_521ba738db46,Room_Air_Temperature_Setpoint,143675,2021-01-01T00:03:14.892Z,2023-12-31T23:52:03.516Z,11.90901688,10.96237603,0,0,22,22,22,2
26,3ab9c8c6_a8f3_42c6_a190_b9044d6b89d2,System_Status,143638,2021-01-01T00:03:14.904Z,2023-12-31T23:52:03.534Z,0.145581253,0.352685911,0,0,0,0,1,2
28,f9833afd_e8a3_437b_9031_f29b656c94f9,Temperature_Setpoint,143589,2021-01-01T00:03:14.927Z,2023-12-31T23:52:03.571Z,10.83300253,9.965244944,0,0,20,20,20,2
29,5f139913_01eb_4da2_8d6b_d79f7162156f,System_Enable_Command,143718,2021-01-01T00:03:14.939Z,2023-12-31T23:52:03.592Z,0.541163946,0.498302649,0,0,1,1,1,2
30,5d20c616_c2d5_42ac_a66e_3b4cf552dffc,Proportional_Gain_Parameter,143613,2021-01-01T00:03:14.949Z,2023-12-31T23:52:03.609Z,5.415735344,4.982686436,0,0,10,10,10,2
38,681ca5bb_7a35_417e_8094_71d0c24b4e38,Max_Temperature_Setpoint_Limit,143623,2021-01-01T00:03:15.039Z,2023-12-31T23:52:03.761Z,17.32914645,15.94469723,0,0,32,32,32,2
39,d8b8360a_3c22_4ea7_b7dc_c9e1880f0875,Min_Temperature_Setpoint_Limit,143697,2021-01-01T00:03:15.049Z,2023-12-31T23:52:03.780Z,8.11874987,7.474432995,0,0,15,15,15,2
43,e30eb7d4_25a1_4c7d_87a7_0634f63627f0,Mode_Command,143662,2021-01-01T00:03:15.094Z,2023-12-31T23:52:03.863Z,9.05E-05,0.009512202,0,0,0,0,1,2
46,0c61b304_729f_4175_a440_c3b7dcdf76da,Enable_Status,143618,2021-01-01T00:03:15.130Z,2023-12-31T23:52:03.925Z,0.145552786,0.352657302,0,0,0,0,1,2
48,6ce99ed6_5493_4b4f_8eb5_8768d1286034,Operating_Mode_Status,143557,2021-01-01T00:03:15.154Z,2023-12-31T23:52:03.965Z,0.541770865,0.49825214,0,0,1,1,1,2
53,67da0763_fcd4_4e68_85dd_3e3deac4f2ac,Room_Air_Temperature_Setpoint,143624,2021-01-01T00:03:15.210Z,2023-12-31T23:52:04.120Z,11.91339887,10.96201179,0,0,22,22,22,2
54,2964fb41_5e2b_4a60_a250_4a28d05dbfad,System_Status,143596,2021-01-01T00:03:15.220Z,2023-12-31T23:52:04.136Z,0.010606145,0.102438541,0,0,0,0,1,2
56,141b6d3e_2aaf_4872_81b2_e5be3e5e3b66,Temperature_Setpoint,143503,2021-01-01T00:03:15.244Z,2023-12-31T23:52:04.168Z,19.58202964,2.86089285,0,20,20,20,20,2
57,09b6788a_37b5_4563_86cc_ae1f77ed4ffe,System_Enable_Command,143615,2021-01-01T00:03:15.255Z,2023-12-31T23:52:04.183Z,0.97911778,0.142990044,0,1,1,1,1,2
58,23836eea_1970_4516_b9f4_1aa0e25cc495,Proportional_Gain_Parameter,143512,2021-01-01T00:03:15.266Z,2023-12-31T23:52:04.198Z,9.791027928,1.430402528,0,10,10,10,10,2
66,bea83970_cc30_4168_b7e0_3dc165043cbc,Max_Temperature_Setpoint_Limit,143549,2021-01-01T00:03:15.356Z,2023-12-31T23:52:04.339Z,31.33123881,4.577457432,0,32,32,32,32,2
67,1f1ed319_bd73_4acc_a68d_5a8247acbaf2,Min_Temperature_Setpoint_Limit,143636,2021-01-01T00:03:15.368Z,2023-12-31T23:52:04.356Z,14.68670807,2.145047121,0,15,15,15,15,2
71,3a5b84c8_5889_405a_a9e1_3eb4d31f0317,Mode_Command,143503,2021-01-01T00:03:15.412Z,2023-12-31T23:52:04.426Z,9.06E-05,0.00951747,0,0,0,0,1,2
74,a35cb628_b9c1_4962_a971_dae1001599c0,Enable_Status,143597,2021-01-01T00:03:15.444Z,2023-12-31T23:52:04.481Z,0.282227345,0.450083404,0,0,0,1,1,2
76,1f2f7881_0dff_4580_91cb_93cca0cda361,Operating_Mode_Status,143514,2021-01-01T00:03:15.468Z,2023-12-31T23:52:04.518Z,0.979096116,0.143062614,0,1,1,1,1,2
82,bf51d136_df9b_4c4d_8a55_385c021361c8,System_Status,143584,2021-01-01T00:03:15.536Z,2023-12-31T23:52:04.631Z,0.042623133,0.202005945,0,0,0,0,1,2
84,4e1f9452_b52f_4ce1_a36f_e8a5cc8c3a5d,Temperature_Setpoint,143511,2021-01-01T00:03:15.559Z,2023-12-31T23:52:04.668Z,10.28604079,9.995908196,0,0,20,20,20,2
85,dde1cb7b_a95b_4cdb_bd67_3e2fcf5d1cab,System_Enable_Command,143597,2021-01-01T00:03:15.570Z,2023-12-31T23:52:04.685Z,0.514014917,0.499803544,0,0,1,1,1,2
86,a392f1b0_0fc1_4721_af9d_846409414379,Proportional_Gain_Parameter,143475,2021-01-01T00:03:15.581Z,2023-12-31T23:52:04.704Z,5.144519951,4.997910962,0,0,10,10,10,2
90,52437055_32d7_43d7_bee6_47eb6adce8ca,Max_Temperature_Setpoint_Limit,143554,2021-01-01T00:03:15.626Z,2023-12-31T23:52:04.769Z,11.56801622,11.24550424,0,0,22.5,22.5,22.5,2
92,d3d45b49_1b16_48be_a5e1_639cc60b8a7b,Min_Temperature_Setpoint_Limit,143561,2021-01-01T00:03:15.650Z,2023-12-31T23:52:04.802Z,11.05349294,10.74571505,0,0,21.5,21.5,21.5,2
94,76f52c23_8902_444c_9056_47aa867b3af7,Max_Temperature_Setpoint_Limit,143480,2021-01-01T00:03:15.672Z,2023-12-31T23:52:04.844Z,16.4614441,15.99334453,0,0,32,32,32,2
95,d795d2b7_1e8f_47f2_bdb9_28e3405fa47b,Min_Temperature_Setpoint_Limit,143535,2021-01-01T00:03:15.683Z,2023-12-31T23:52:04.866Z,7.713763194,7.496953068,0,0,15,15,15,2
99,a5b78973_6f67_476b_bf19_011e080afa0f,Mode_Command,143510,2021-01-01T00:03:15.728Z,2023-12-31T23:52:04.938Z,8.36E-05,0.009143898,0,0,0,0,1,2
102,4ccd418e_cac6_4a00_9760_7ddb2742455f,Enable_Status,143489,2021-01-01T00:03:15.763Z,2023-12-31T23:52:04.999Z,0.191039034,0.393119729,0,0,0,0,1,2
104,d1b16a90_dfae_44f9_8683_261a459ba91a,Operating_Mode_Status,143541,2021-01-01T00:03:15.786Z,2023-12-31T23:52:05.039Z,0.514229384,0.499797484,0,0,1,1,1,2
105,d97f7a72_643a_4ef8_8866_6c6f616817d0,Cooling_Temperature_Setpoint,143474,2021-01-01T00:03:15.796Z,2023-12-31T23:52:05.055Z,11.57572104,11.24528371,0,0,22.5,22.5,22.5,2
106,4efa0c0a_220e_4000_8c21_4c012ef228d0,Air_Temperature_Sensor,143448,2021-01-01T00:03:15.808Z,2023-12-31T23:52:05.071Z,0.514527913,0.499788895,0,0,1,1,1,2
107,e479c24c_2a91_4290_9eca_ede2309bd2e1,Heating_Temperature_Setpoint,143456,2021-01-01T00:03:15.820Z,2023-12-31T23:52:05.087Z,11.06188309,10.74547481,0,0,21.5,21.5,21.5,2
109,63aeb858_0500_4bda_a9fc_b7eaef4a4f8d,Room_Air_Temperature_Setpoint,143465,2021-01-01T00:03:15.841Z,2023-12-31T23:52:05.119Z,11.31796605,10.99540348,0,0,22,22,22,2
110,347c024a_9acb_4ab7_9dd3_5d5159baf824,System_Status,143496,2021-01-01T00:03:15.908Z,2023-12-31T23:52:05.139Z,0.146875174,0.353981437,0,0,0,0,1,2
112,0ace4d2f_11d3_49f0_a61a_2f839ae3208e,Temperature_Setpoint,143426,2021-01-01T00:03:15.929Z,2023-12-31T23:52:05.179Z,10.84433785,9.964290923,0,0,20,20,20,2
113,f6093eec_4b82_4427_b4c7_4b09e62cff58,System_Enable_Command,143557,2021-01-01T00:03:15.939Z,2023-12-31T23:52:05.198Z,0.541784796,0.498250972,0,0,1,1,1,2
114,61117f51_5699_4cb9_8ad3_966613d3553e,Proportional_Gain_Parameter,143410,2021-01-01T00:03:15.949Z,2023-12-31T23:52:05.214Z,5.423122516,4.982064566,0,0,10,10,10,2
122,9b236c19_3c1e_4e6b_9176_5eda7d4730bf,Max_Temperature_Setpoint_Limit,143465,2021-01-01T00:03:16.035Z,2023-12-31T23:52:05.350Z,17.34711602,15.94318909,0,0,32,32,32,2
123,4532d82f_b53d_4bc9_a85a_5cc83be061e5,Min_Temperature_Setpoint_Limit,143467,2021-01-01T00:03:16.046Z,2023-12-31T23:52:05.367Z,8.131138171,7.473397126,0,0,15,15,15,2
127,27eac0ca_3587_4d24_845c_5605fc001f9f,Mode_Command,143494,2021-01-01T00:03:16.089Z,2023-12-31T23:52:05.439Z,0.000250882,0.015837254,0,0,0,0,1,2
130,5141794f_4852_4207_ae26_42d488fbaa4d,Enable_Status,143482,2021-01-01T00:03:16.121Z,2023-12-31T23:52:05.497Z,0.194742198,0.396002114,0,0,0,0,1,2
132,7392685a_708d_4356_9030_d0b44e295dbd,Operating_Mode_Status,143452,2021-01-01T00:03:16.143Z,2023-12-31T23:52:05.534Z,0.54213256,0.498221685,0,0,1,1,1,2
138,d7b4af7b_5874_426b_a014_995a9cc71b73,System_Status,143439,2021-01-01T00:03:16.207Z,2023-12-31T23:52:05.634Z,0.150907354,0.357958552,0,0,0,0,1,2
140,09a1a9e0_ddaf_4765_96a2_484537d19e7d,Temperature_Setpoint,143366,2021-01-01T00:03:16.231Z,2023-12-31T23:52:05.672Z,10.84985282,9.963822067,0,0,20,20,20,2
141,aec6ebfe_904c_4f06_862b_50b3370397b8,System_Enable_Command,143472,2021-01-01T00:03:16.241Z,2023-12-31T23:52:05.688Z,0.542070927,0.498226893,0,0,1,1,1,2
142,089bc308_e5dc_426d_976d_0726a9e6179e,Proportional_Gain_Parameter,143372,2021-01-01T00:03:16.251Z,2023-12-31T23:52:05.704Z,5.424141394,4.981977928,0,0,10,10,10,2
146,5af3c1ad_947f_4724_b982_62669f0c0053,Max_Temperature_Setpoint_Limit,143390,2021-01-01T00:03:16.295Z,2023-12-31T23:52:05.775Z,12.20341377,11.2095273,0,0,22.5,22.5,22.5,2
148,5d5fdda9_1381_433b_84c5_5f74373e8713,Min_Temperature_Setpoint_Limit,99997,2021-01-01T00:03:16.316Z,2022-12-14T11:58:59.387Z,16.72212666,8.938467604,0,21.5,21.5,21.5,21.5,2
150,a1cfe99f_d548_4e39_9d24_93bacf750721,Max_Temperature_Setpoint_Limit,143407,2021-01-01T00:03:16.336Z,2023-12-31T23:52:05.840Z,17.35346252,15.94265157,0,0,32,32,32,2
151,9348979b_cad6_46a7_922b_6849412ca5c4,Min_Temperature_Setpoint_Limit,143365,2021-01-01T00:03:16.347Z,2023-12-31T23:52:05.857Z,8.136400098,7.472950884,0,0,15,15,15,2
155,63aeadda_187a_47a6_972f_5b6325fbb1ac,Mode_Command,143365,2021-01-01T00:03:16.389Z,2023-12-31T23:52:05.925Z,8.37E-05,0.009148521,0,0,0,0,1,2
158,4c7151e3_fe8f_4c31_a5ab_9aecbf1d6953,Enable_Status,143412,2021-01-01T00:03:16.421Z,2023-12-31T23:52:05.975Z,0.194802388,0.396048504,0,0,0,0,1,2
160,9afd1181_64c8_4a67_9ff5_2b94859199e8,Operating_Mode_Status,143421,2021-01-01T00:03:16.444Z,2023-12-31T23:52:06.010Z,0.542291575,0.498208212,0,0,1,1,1,2
161,f6fa622c_0936_4981_a8a4_1f67830ceaa0,Cooling_Temperature_Setpoint,143329,2021-01-01T00:03:16.454Z,2023-12-31T23:52:06.025Z,12.20907841,11.20904405,0,0,22.5,22.5,22.5,2
162,76400d3b_e997_446a_b2d1_c850bc453416,Air_Temperature_Sensor,143377,2021-01-01T00:03:16.465Z,2023-12-31T23:52:06.041Z,0.542451021,0.498194652,0,0,1,1,1,2
163,b1f9e994_3efb_469e_a88a_8a879dc1eb86,Heating_Temperature_Setpoint,143312,2021-01-01T00:03:16.476Z,2023-12-31T23:52:06.057Z,11.66798663,10.71073296,0,0,21.5,21.5,21.5,2
165,9b792f02_9cb0_43fe_b3e0_b1f39e463ec7,Room_Air_Temperature_Setpoint,143381,2021-01-01T00:03:16.496Z,2023-12-31T23:52:06.096Z,11.93312922,10.9603499,0,0,22,22,22,2
166,f2d031bd_78ce_42e6_bf5f_9749855d7a44,System_Status,143394,2021-01-01T00:03:16.507Z,2023-12-31T23:52:06.116Z,0.150089962,0.35715958,0,0,0,0,1,2
168,1e63f54b_2119_42b8_873b_ca707e8fe211,Temperature_Setpoint,143334,2021-01-01T00:03:16.530Z,2023-12-31T23:52:06.152Z,16.86117739,7.274905142,0,20,20,20,20,2
169,d85d789a_5df8_4035_8a2a_6c032aa6621d,System_Enable_Command,143342,2021-01-01T00:03:16.539Z,2023-12-31T23:52:06.168Z,0.84310251,0.363704093,0,1,1,1,1,2
170,e1fa488d_7422_4605_b75f_44f79d5a3795,Proportional_Gain_Parameter,143330,2021-01-01T00:03:16.549Z,2023-12-31T23:52:06.183Z,8.431382125,3.6367041,0,10,10,10,10,2
178,cab929ab_c3b3_4ac0_bc80_9ff4704c3ff0,Max_Temperature_Setpoint_Limit,143336,2021-01-01T00:03:16.639Z,2023-12-31T23:52:06.317Z,26.97862365,11.63915043,0,32,32,32,32,2
179,df021dc2_26ae_4093_b2a0_d9068811f695,Min_Temperature_Setpoint_Limit,143347,2021-01-01T00:03:16.652Z,2023-12-31T23:52:06.335Z,12.64578261,5.456273574,0,15,15,15,15,2
183,a3b73bfb_359d_4784_b7ad_e6a541a1fbff,Mode_Command,143336,2021-01-01T00:03:16.701Z,2023-12-31T23:52:06.414Z,0.000167439,0.012938729,0,0,0,0,1,2
186,0adb4e3a_d977_4efd_ad37_5108a4701878,Enable_Status,143384,2021-01-01T00:03:16.735Z,2023-12-31T23:52:06.470Z,0.311534062,0.463120492,0,0,0,1,1,2
188,22543d51_3c38_46d3_98fe_a77838976df9,Operating_Mode_Status,143342,2021-01-01T00:03:16.758Z,2023-12-31T23:52:06.508Z,0.843144368,0.363664602,0,1,1,1,1,2
194,b4c8c12e_8a0e_4d59_b8ee_ff8c9c840d65,System_Status,143262,2021-01-01T00:03:16.826Z,2023-12-31T23:52:06.612Z,0.010302802,0.100978484,0,0,0,0,1,2
196,d4aa2eb2_311a_49c3_a847_fa95d7534a7b,Temperature_Setpoint,143265,2021-01-01T00:03:16.851Z,2023-12-31T23:52:06.646Z,19.07988692,4.189946714,0,20,20,20,20,2
197,7e3b7041_26bb_466f_b9a0_e3c52e6414be,System_Enable_Command,143305,2021-01-01T00:03:16.864Z,2023-12-31T23:52:06.662Z,0.954042078,0.209393867,0,1,1,1,1,2
198,95f6ed28_7f93_41a9_8e01_e2b2a86b5256,Proportional_Gain_Parameter,143300,2021-01-01T00:03:16.875Z,2023-12-31T23:52:06.681Z,9.540125611,2.094578583,0,10,10,10,10,2
206,7a2ff512_fcd4_41eb_9299_379824d3347f,Max_Temperature_Setpoint_Limit,143286,2021-01-01T00:03:16.963Z,2023-12-31T23:52:06.817Z,30.52915149,6.701026568,0,32,32,32,32,2
207,0c45912e_a846_4e6c_aa34_31dc9d507b87,Min_Temperature_Setpoint_Limit,143275,2021-01-01T00:03:16.975Z,2023-12-31T23:52:06.834Z,14.31006805,3.14212876,0,15,15,15,15,2
211,bf39f869_7d09_4d25_bb6a_1cc5f75f14c2,Mode_Command,143251,2021-01-01T00:03:17.020Z,2023-12-31T23:52:06.915Z,8.38E-05,0.00915216,0,0,0,0,1,2
214,cee8f360_3fb5_48be_9e38_aba38941ad87,Enable_Status,143280,2021-01-01T00:03:17.057Z,2023-12-31T23:52:06.970Z,0.313644612,0.463973781,0,0,0,1,1,2
216,d0d97179_d50d_4e22_8922_c4c7ca575fa9,Operating_Mode_Status,143231,2021-01-01T00:03:17.080Z,2023-12-31T23:52:07.005Z,0.954039279,0.209399935,0,1,1,1,1,2
222,d7f8743c_c785_4ca6_a094_a7503405722d,System_Status,143279,2021-01-01T00:03:17.154Z,2023-12-31T23:52:07.104Z,0.145750598,0.352856007,0,0,0,0,1,2
224,4c37e7d1_a58d_490f_8e44_f4a5f8a4a644,Enable_Status,143577,2021-01-01T00:03:14.213Z,2023-12-31T23:52:02.527Z,0.319208508,0.466169965,0,0,0,1,1,2
225,978117ac_26bc_4dcf_a04f_2cd8f55ab1b8,Operating_Mode_Status,143772,2021-01-01T00:03:14.225Z,2023-12-31T23:52:02.543Z,0.980489942,0.138309129,0,1,1,1,1,2
226,c3ff1399_c664_4d76_830f_a1307a6d2d64,Room_Air_Temperature_Setpoint,143681,2021-01-01T00:03:14.237Z,2023-12-31T23:52:02.558Z,21.08071701,2.973009613,0,21.5,21.5,21.5,21.5,2
227,eb788347_626f_4bfc_a658_135090dc27da,System_Status,143792,2021-01-01T00:03:14.247Z,2023-12-31T23:52:02.573Z,0.154111494,0.361055594,0,0,0,0,1,2
229,7b23ae8e_7a50_4455_b6e3_20afe8e87892,Enable_Status,143640,2021-01-01T00:03:14.271Z,2023-12-31T23:52:02.604Z,0.318971039,0.466077799,0,0,0,1,1,2
230,c677c507_5736_4c0c_9f9c_73c26567e379,System_Status,143926,2021-01-01T00:03:14.282Z,2023-12-31T23:52:02.620Z,0.319059795,0.466112263,0,0,0,1,1,2
231,6fcda7f2_dacb_4849_a961_450059aa2246,Enable_Status,143766,2021-01-01T00:03:14.293Z,2023-12-31T23:52:02.635Z,0.608767024,0.488026367,0,0,1,1,1,2
232,c15f58d3_027a_4373_aa48_c78cffb29bcb,Mode_Command,143646,2021-01-01T00:03:14.305Z,2023-12-31T23:52:02.652Z,0.14555226,0.352656774,0,0,0,0,1,2
233,81547325_5ce3_456a_8ea6_0265ce16bee5,System_Status,143821,2021-01-01T00:03:14.316Z,2023-12-31T23:52:02.667Z,0.523039055,0.49946892,0,0,1,1,1,2
234,baa02c02_d95f_4b94_a7ae_d70c27ec63af,Enable_Status,143808,2021-01-01T00:03:14.327Z,2023-12-31T23:52:02.683Z,0.622079439,0.484867622,0,0,1,1,1,2
235,2a067d12_616f_481d_a12b_8bc7b8364cca,Mode_Command,143595,2021-01-01T00:03:14.339Z,2023-12-31T23:52:02.700Z,0.14561092,0.352715721,0,0,0,0,1,2
236,295601bd_3f34_4c58_b123_cbbe98d31dcf,System_Status,143819,2021-01-01T00:03:14.348Z,2023-12-31T23:52:02.716Z,0.421015304,0.493722005,0,0,0,1,1,2
237,ef68742c_aabf_4aff_9997_789cda5f121d,Enable_Status,143621,2021-01-01T00:03:14.361Z,2023-12-31T23:52:02.731Z,0.516205847,0.499737302,0,0,1,1,1,2
238,d2b8eedc_93ee_41d8_8a18_e7db4c93bb6c,System_Status,143863,2021-01-01T00:03:14.373Z,2023-12-31T23:52:02.747Z,0.516018712,0.499743335,0,0,1,1,1,2
240,bb34ad66_61ef_4964_bcb2_d37fe05f79a3,Wind_Speed_Sensor,143794,2021-01-01T00:03:14.396Z,2023-12-31T23:52:02.778Z,88.24561526,12.44253837,0,90,90,90,90,2
241,da157ba8_46d7_4fe6_8639_3a1e6df5bccd,Enable_Status,143720,2021-01-01T00:03:14.407Z,2023-12-31T23:52:02.794Z,0.367833287,0.482215678,0,0,0,1,1,2
242,810305a5_f20a_43c1_ab83_3645a69e8cd3,Enable_Status,143609,2021-01-01T00:03:14.419Z,2023-12-31T23:52:02.811Z,0.361237805,0.480359296,0,0,0,1,1,2
243,bc190414_ee33_4aaa_9456_2add9808c47f,System_Status,143758,2021-01-01T00:03:14.431Z,2023-12-31T23:52:02.828Z,0.360696448,0.480202583,0,0,0,1,1,2
245,ad9c8664_0433_4c65_a57c_a1a5a969b112,Wind_Speed_Sensor,143507,2021-01-01T00:03:14.451Z,2023-12-31T23:52:02.861Z,88.24147951,12.4569037,0,90,90,90,90,2
246,9c7ff2af_653e_47b8_ad1a_759e364696e5,Temperature_Setpoint,144932,2021-01-01T00:03:11.588Z,2023-12-31T23:51:58.650Z,19.6136119,2.752901419,0,20,20,20,20,2
247,6c4e5c64_1042_4eca_a703_27a51e4283fe,System_Enable_Command,144825,2021-01-01T00:03:11.600Z,2023-12-31T23:51:58.667Z,0.980659417,0.137719008,0,1,1,1,1,2
248,8f6c04db_e033_40a6_a832_34311f8b6afe,Proportional_Gain_Parameter,144855,2021-01-01T00:03:11.611Z,2023-12-31T23:51:58.685Z,9.80663422,1.377050279,0,10,10,10,10,2
252,c77a5516_42bb_4064_965a_f5213078ba2e,Max_Temperature_Setpoint_Limit,144864,2021-01-01T00:03:11.661Z,2023-12-31T23:51:58.753Z,22.55560388,3.166010569,0,23,23,23,23,2
256,5b26e2f3_5984_4cc9_a14f_616c21dc2491,Max_Temperature_Setpoint_Limit,144857,2021-01-01T00:03:11.713Z,2023-12-31T23:51:58.824Z,29.41991067,4.131122881,0,30,30,30,30,2
257,d354524b_3111_4e69_ba03_66a2347662c7,Min_Temperature_Setpoint_Limit,144773,2021-01-01T00:03:11.726Z,2023-12-31T23:51:58.843Z,15.69077107,2.202734746,0,16,16,16,16,2
261,d58c45fc_2ea3_4ae8_ab01_2d37c8dbfcaa,Mode_Command,144696,2021-01-01T00:03:11.774Z,2023-12-31T23:51:58.918Z,0.001838337,0.042836403,0,0,0,0,1,2
265,e9496fce_46ba_451d_a30d_9588fbb8db31,Mode_Status,144899,2021-01-01T00:03:11.823Z,2023-12-31T23:51:58.985Z,0.980662392,0.137708622,0,1,1,1,1,2
266,ab4afb21_2fdc_4a27_bbcf_cdcb1bface15,Enable_Status,144735,2021-01-01T00:03:11.835Z,2023-12-31T23:51:59.002Z,0.321124814,0.466908629,0,0,0,1,1,2
267,52d88b28_8a0e_409d_a08d_06f5e062e451,Differential_Pressure_Setpoint,144712,2021-01-01T00:03:11.848Z,2023-12-31T23:51:59.020Z,294.1932943,41.33151205,0,300,300,300,300,2
270,6bb072ef_14f1_4024_b505_dd74f2d33232,Max_Discharge_Air_Temperature_Setpoint_Limit,144682,2021-01-01T00:03:11.886Z,2023-12-31T23:51:59.073Z,29.41920902,4.133571231,0,30,30,30,30,2
271,70bada9b_3ca7_405d_8983_8f486a470c3f,Operating_Mode_Status,144757,2021-01-01T00:03:11.898Z,2023-12-31T23:51:59.090Z,0.980650331,0.137750714,0,1,1,1,1,2
272,67d8dc82_db3f_4c1c_87fa_5f55fd6b0c22,Min_Discharge_Air_Temperature_Setpoint_Limit,144872,2021-01-01T00:03:11.909Z,2023-12-31T23:51:59.107Z,15.6907615,2.202768157,0,16,16,16,16,2
274,72cd859a_0f4b_4480_a438_3d623defd799,Outside_Air_Lockout_Temperature_Setpoint,144707,2021-01-01T00:03:11.934Z,2023-12-31T23:51:59.143Z,23.53561334,3.305998307,0,24,24,24,24,2
275,315fbf97_0628_4625_8181_b2ec26eb5020,Low_Outside_Air_Temperature_Enable_Setpoint,144691,2021-01-01T00:03:11.945Z,2023-12-31T23:51:59.160Z,4.903207525,0.688907535,0,5,5,5,5,2
276,c0a8212a_356e_4598_9187_91470d9c0fa8,Cooling_Temperature_Setpoint,144773,2021-01-01T00:03:11.958Z,2023-12-31T23:51:59.178Z,22.55484793,3.168649105,0,23,23,23,23,2
279,a4053f2b_0e97_4bf0_a63b_81d40374f21b,Min_Position_Setpoint_Limit,144808,2021-01-01T00:03:12.001Z,2023-12-31T23:51:59.230Z,19.61314292,2.754538654,0,20,20,20,20,2
283,23a693e3_2b42_4bd7_bc53_3847aa51b82a,System_Status,144708,2021-01-01T00:03:12.048Z,2023-12-31T23:51:59.300Z,0.320224176,0.466562593,0,0,0,1,1,2
286,739adc20_34e1_4542_a2cd_aaf481d57eae,Temperature_Setpoint,144200,2021-01-01T00:03:13.256Z,2023-12-31T23:52:01.064Z,19.6110957,2.761673304,0,20,20,20,20,2
287,fdc88ec8_8f4f_43c9_b62e_fc1d85ee3cfb,System_Enable_Command,144198,2021-01-01T00:03:13.270Z,2023-12-31T23:52:01.081Z,0.980554515,0.138084604,0,1,1,1,1,2
288,cecb5e82_01d1_4d62_89c0_b2937eda6e2f,Proportional_Gain_Parameter,144178,2021-01-01T00:03:13.280Z,2023-12-31T23:52:01.098Z,9.805726255,1.380215621,0,10,10,10,10,2
296,0d94e546_6aec_4fb0_a17d_cfe63740de16,Max_Temperature_Setpoint_Limit,144153,2021-01-01T00:03:13.371Z,2023-12-31T23:52:01.237Z,29.12249485,4.101023138,0,29.7,29.7,29.7,29.7,2
297,b53e8795_3d6f_4a56_a802_cec2c9e6f808,Min_Temperature_Setpoint_Limit,144164,2021-01-01T00:03:13.381Z,2023-12-31T23:52:01.254Z,15.68879887,2.209609008,0,16,16,16,16,2
301,dcbfe18a_3e3b_4b88_ab19_982467e7c20f,Mode_Command,144042,2021-01-01T00:03:13.428Z,2023-12-31T23:52:01.325Z,0.003207398,0.056542996,0,0,0,0,1,2
304,594ac793_a23b_4b17_a47c_496ae8f123a9,Mode_Status,144265,2021-01-01T00:03:13.462Z,2023-12-31T23:52:01.381Z,0.980570478,0.138029039,0,1,1,1,1,2
305,bd0a5007_0967_44ff_8878_2714c6775073,Enable_Status,144085,2021-01-01T00:03:13.473Z,2023-12-31T23:52:01.399Z,0.322004372,0.467244643,0,0,0,1,1,2
306,e9dcd490_a9a5_4eb1_86b7_fff9ba1833cb,Differential_Pressure_Setpoint,144098,2021-01-01T00:03:13.486Z,2023-12-31T23:52:01.418Z,294.1643881,41.43222413,0,300,300,300,300,2
309,0d0e3bb7_62e6_4f4a_91b5_17b1044c69cf,Max_Discharge_Air_Temperature_Setpoint_Limit,143997,2021-01-01T00:03:13.519Z,2023-12-31T23:52:01.471Z,29.12166295,4.103917227,0,29.7,29.7,29.7,29.7,2
310,2a70f4be_c1cf_450a_b396_37a9e41b70a9,Operating_Mode_Status,144140,2021-01-01T00:03:13.532Z,2023-12-31T23:52:01.488Z,0.980553628,0.13808769,0,1,1,1,1,2
311,15839915_722f_43ca_84e7_a36ac6c80e94,Min_Discharge_Air_Temperature_Setpoint_Limit,144129,2021-01-01T00:03:13.543Z,2023-12-31T23:52:01.504Z,15.68883431,2.209485683,0,16,16,16,16,2
313,3dc018b7_c15d_4aee_855c_28f5908c0b95,Outside_Air_Lockout_Temperature_Setpoint,144000,2021-01-01T00:03:13.566Z,2023-12-31T23:52:01.540Z,23.53266667,3.31626289,0,24,24,24,24,2
314,18a4eb5d_617b_469b_bb8f_1c3987843328,Low_Outside_Air_Temperature_Enable_Setpoint,144152,2021-01-01T00:03:13.577Z,2023-12-31T23:52:01.562Z,4.902810922,0.690289558,0,5,5,5,5,2
319,27f000fa_9ac9_4d70_a614_cd73b66ddc1b,Min_Position_Setpoint_Limit,144107,2021-01-01T00:03:13.635Z,2023-12-31T23:52:01.648Z,20.59153268,2.900166919,0,21,21,21,21,2
323,f826cb06_e2e5_45e4_92ef_49274e98f431,System_Status,144009,2021-01-01T00:03:13.682Z,2023-12-31T23:52:01.721Z,0.320903555,0.466823803,0,0,0,1,1,2
326,03fc6876_5d4b_4fe8_9d08_7599f9b1a3df,Temperature_Setpoint,144016,2021-01-01T00:03:13.716Z,2023-12-31T23:52:01.772Z,19.61059882,2.763401939,0,20,20,20,20,2
327,089b6bc8_6957_4e6a_98e1_171c24e8cdb6,System_Enable_Command,144037,2021-01-01T00:03:13.727Z,2023-12-31T23:52:01.789Z,0.980546665,0.138111921,0,1,1,1,1,2
328,0fd082e2_f627_4554_a2a4_2193534f63f1,Proportional_Gain_Parameter,143976,2021-01-01T00:03:13.740Z,2023-12-31T23:52:01.807Z,9.805245319,1.381889079,0,10,10,10,10,2
336,de9bb82e_ff19_484f_964c_ddb3ad64b14c,Max_Temperature_Setpoint_Limit,144003,2021-01-01T00:03:13.833Z,2023-12-31T23:52:01.955Z,29.41605383,4.144561727,0,30,30,30,30,2
337,8849f40a_5093_4ea3_9cb7_6209d76b7e10,Min_Temperature_Setpoint_Limit,143969,2021-01-01T00:03:13.847Z,2023-12-31T23:52:01.972Z,16.66901902,2.348856779,0,17,17,17,17,2
342,6a849ab3_e0f6_4c88_b752_38b83ff4198b,Mode_Status,144082,2021-01-01T00:03:13.908Z,2023-12-31T23:52:02.060Z,0.980552741,0.138090779,0,1,1,1,1,2
343,0abc6394_8037_4c4f_bfdb_8047a06e6404,Enable_Status,143904,2021-01-01T00:03:13.919Z,2023-12-31T23:52:02.077Z,0.318955693,0.466071839,0,0,0,1,1,2
344,ba3414a6_c16f_4872_ae49_a4e5830164d4,Differential_Pressure_Setpoint,144033,2021-01-01T00:03:13.931Z,2023-12-31T23:52:02.095Z,294.1617546,41.44138645,0,300,300,300,300,2
347,da5edbd0_2d33_44c6_98db_23acdc082355,Max_Discharge_Air_Temperature_Setpoint_Limit,143852,2021-01-01T00:03:13.965Z,2023-12-31T23:52:02.153Z,29.41523232,4.147418125,0,30,30,30,30,2
348,622aeef7_86c9_4e4c_a2c6_5353436a33ed,Operating_Mode_Status,144022,2021-01-01T00:03:13.977Z,2023-12-31T23:52:02.170Z,0.980544639,0.13811897,0,1,1,1,1,2
350,0b1d848c_0845_4295_80d0_e5fa8b33dfdc,Min_Discharge_Air_Temperature_Setpoint_Limit,144047,2021-01-01T00:03:14.000Z,2023-12-31T23:52:02.204Z,16.66919825,2.348233376,0,17,17,17,17,2
352,d0ded6b9_0479_4719_8811_0eec38029de8,Outside_Air_Lockout_Temperature_Setpoint,143976,2021-01-01T00:03:14.025Z,2023-12-31T23:52:02.240Z,23.53275546,3.315954089,0,24,24,24,24,2
353,4cc819c1_5c80_47ad_ba82_e8392ce0eb0a,Low_Outside_Air_Temperature_Enable_Setpoint,143851,2021-01-01T00:03:14.035Z,2023-12-31T23:52:02.258Z,4.902538043,0.691238709,0,5,5,5,5,2
357,943d9d74_6b4a_4680_8d1f_f202f5c9cb0b,Min_Position_Setpoint_Limit,143928,2021-01-01T00:03:14.081Z,2023-12-31T23:52:02.330Z,19.61049969,2.763746665,0,20,20,20,20,2
361,0ab05234_ccb7_458f_8d73_dd1fab6088ed,System_Status,143808,2021-01-01T00:03:14.128Z,2023-12-31T23:52:02.407Z,0.317722241,0.465590827,0,0,0,1,1,2
362,f1925127_cd39_4c0e_a336_ecc50cc0e32b,Mode_Status,143934,2021-01-01T00:03:14.140Z,2023-12-31T23:52:02.423Z,0.980504954,0.138256969,0,1,1,1,1,2
368,de1ac5f7_b183_4311_a388_ceca474f1b3b,Temperature_Setpoint,145475,2021-01-01T00:03:08.543Z,2023-12-31T23:51:53.500Z,19.6167039,2.742080612,0,20,20,20,20,2
369,d02fc17a_bc46_4bd9_9c8c_cb2d83f47af7,System_Enable_Command,145749,2021-01-01T00:03:08.582Z,2023-12-31T23:51:53.554Z,0.980857502,0.137025776,0,1,1,1,1,2
370,eb69d32c_3aa1_40b1_8eae_be4122bf1dbc,Proportional_Gain_Parameter,145581,2021-01-01T00:03:08.621Z,2023-12-31T23:51:53.616Z,9.808354112,1.371032725,0,10,10,10,10,2
378,838e6fa7_4202_4546_b61e_d77341abb64e,Max_Temperature_Setpoint_Limit,145301,2021-01-01T00:03:08.870Z,2023-12-31T23:51:54.088Z,29.42354148,4.118428255,0,30,30,30,30,2
379,d6363a04_9b57_488b_99c6_4852f0d09a50,Min_Temperature_Setpoint_Limit,145419,2021-01-01T00:03:08.885Z,2023-12-31T23:51:54.130Z,15.69280493,2.19562117,0,16,16,16,16,2
383,03cd827d_1baf_422c_a896_54cf0069046e,Mode_Command,145335,2021-01-01T00:03:08.973Z,2023-12-31T23:51:54.288Z,0.002779785,0.052650332,0,0,0,0,1,2
386,3c9d2ada_56d9_41cf_8558_597e61849fdf,Mode_Status,145426,2021-01-01T00:03:09.046Z,2023-12-31T23:51:54.437Z,0.980801232,0.137223085,0,1,1,1,1,2
387,5adfd47e_9e5b_49f4_8b3d_95129788d27a,Enable_Status,145376,2021-01-01T00:03:09.067Z,2023-12-31T23:51:54.481Z,0.320816366,0.466790344,0,0,0,1,1,2
388,94c9c821_4341_4aea_abfc_d69ba17dfb44,Differential_Pressure_Setpoint,145279,2021-01-01T00:03:09.087Z,2023-12-31T23:51:54.531Z,294.2345418,41.18733966,0,300,300,300,300,2
392,44775cb9_d137_40cc_85d3_c666f5a0945e,Max_Discharge_Air_Temperature_Setpoint_Limit,145204,2021-01-01T00:03:09.174Z,2023-12-31T23:51:54.793Z,29.42294978,4.120499923,0,30,30,30,30,2
393,137b04ee_6b3b_43ae_84f3_03d3482b2fdb,Operating_Mode_Status,145332,2021-01-01T00:03:09.193Z,2023-12-31T23:51:54.829Z,0.980802576,0.137218376,0,1,1,1,1,2
394,78fb166d_a503_41c5_80f1_11a387168a8d,Min_Discharge_Air_Temperature_Setpoint_Limit,145320,2021-01-01T00:03:09.219Z,2023-12-31T23:51:54.865Z,15.69248555,2.196739875,0,16,16,16,16,2
396,1cbcac68_d055_4fa2_9fcb_29a554ba06b4,Outside_Air_Lockout_Temperature_Setpoint,145228,2021-01-01T00:03:09.266Z,2023-12-31T23:51:54.941Z,23.53876663,3.294975672,0,24,24,24,24,2
397,7dc26f84_8654_4dee_9839_64fb935fce6f,Low_Outside_Air_Temperature_Enable_Setpoint,145283,2021-01-01T00:03:09.292Z,2023-12-31T23:51:54.977Z,4.903911676,0.686446396,0,5,5,5,5,2
401,aaafdee0_ec03_4101_8216_e8f4c44d04ef,Min_Position_Setpoint_Limit,145396,2021-01-01T00:03:09.388Z,2023-12-31T23:51:55.121Z,19.61594542,2.74473928,0,20,20,20,20,2
403,82e325c3_eff2_4012_b199_75d98073af1b,Room_Air_Temperature_Setpoint,145286,2021-01-01T00:03:09.430Z,2023-12-31T23:51:55.202Z,21.57691725,3.021393954,0,22,22,22,22,2
405,1f23b488_abad_41ae_9f8a_8d9ece97d9fa,System_Status,145280,2021-01-01T00:03:09.470Z,2023-12-31T23:51:55.277Z,0.316802037,0.46522952,0,0,0,1,1,2
408,b5e401ef_354c_4c2b_8441_6ef4c51af33f,Enable_Status,145154,2021-01-01T00:03:09.543Z,2023-12-31T23:51:55.402Z,0.316705017,0.465191304,0,0,0,1,1,2
409,9f896196_0154_43fe_9f28_f6dc7a352c02,Room_Air_Temperature_Setpoint,145188,2021-01-01T00:03:09.569Z,2023-12-31T23:51:55.452Z,21.08625368,2.953702721,0,21.5,21.5,21.5,21.5,2
410,3fc34b0f_af75_4d94_aacb_92b267e476e5,System_Status,145151,2021-01-01T00:03:09.589Z,2023-12-31T23:51:55.487Z,0.155830824,0.362694884,0,0,0,0,1,2
412,f5bd05b7_bc89_4203_997e_9c2b51b0dd2e,Emergency_Alarm,145283,2021-01-01T00:03:09.640Z,2023-12-31T23:51:55.557Z,4.13E-05,0.006426274,0,0,0,0,1,2
413,835a86d6_c235_4caf_8071_31b9bf24960b,Enable_Status,145289,2021-01-01T00:03:09.662Z,2023-12-31T23:51:55.596Z,0.292788855,0.455042351,0,0,0,1,1,2
414,c8b4eea5_2bbc_4c83_bbd7_aad7ed1ba146,Mode_Command,145134,2021-01-01T00:03:09.689Z,2023-12-31T23:51:55.637Z,0.242245098,0.42844184,0,0,0,0,1,2
415,69cbc66e_e7a8_431a_a8e5_6a05bb68979e,System_Status,145277,2021-01-01T00:03:09.712Z,2023-12-31T23:51:55.673Z,0.168340481,0.374168362,0,0,0,0,1,2
417,514574d1_8dd8_4b4a_abab_d992dc5ee7e3,Wind_Speed_Sensor,145284,2021-01-01T00:03:09.745Z,2023-12-31T23:51:55.708Z,88.26856364,12.36249977,0,90,90,90,90,2
418,54ba0cea_8d18_4610_be10_532f8c8387bd,Temperature_Setpoint,145002,2021-01-01T00:03:09.792Z,2023-12-31T23:51:55.793Z,19.61448808,2.74983982,0,20,20,20,20,2
419,bf13f789_bf37_4070_ad61_e3b9246e0871,System_Enable_Command,74998,2021-01-01T00:03:09.812Z,2022-06-07T06:00:38.658Z,0.963252353,0.188141588,0,1,1,1,1,2
420,166e852b_0e15_4fa9_9a6c_a4fe3d04bf39,Proportional_Gain_Parameter,145032,2021-01-01T00:03:09.837Z,2023-12-31T23:51:55.866Z,9.80735286,1.37453937,0,10,10,10,10,2
428,4f9d0882_c587_440c_b246_e0f0e4329d04,Max_Temperature_Setpoint_Limit,144985,2021-01-01T00:03:10.020Z,2023-12-31T23:51:56.153Z,29.42207815,4.123549678,0,30,30,30,30,2
429,f3c0f575_372e_4bc3_993c_0195c54b9a66,Min_Temperature_Setpoint_Limit,145114,2021-01-01T00:03:10.041Z,2023-12-31T23:51:56.192Z,15.69193875,2.198653734,0,16,16,16,16,2
434,05dfaf75_5216_4d9b_ab03_16ad69832041,Mode_Status,145152,2021-01-01T00:03:10.157Z,2023-12-31T23:51:56.373Z,0.980744323,0.137422326,0,1,1,1,1,2
435,9be9270b_d33a_4dd0_9a42_58c084a5bc99,Enable_Status,145142,2021-01-01T00:03:10.182Z,2023-12-31T23:51:56.414Z,0.316751871,0.465209762,0,0,0,1,1,2
436,dbd1311d_2e30_44ad_92fc_345fa477a3e9,Differential_Pressure_Setpoint,145042,2021-01-01T00:03:10.204Z,2023-12-31T23:51:56.454Z,294.2189159,41.242021,0,300,300,300,300,2
439,d68c9a06_d46e_4f9d_bc02_8ffd6f3bc564,Max_Discharge_Air_Temperature_Setpoint_Limit,145017,2021-01-01T00:03:10.272Z,2023-12-31T23:51:56.554Z,29.42158506,4.125273868,0,30,30,30,30,2
440,e5a1315c_5b86_4c92_8f4e_98afb6e489f1,Operating_Mode_Status,145053,2021-01-01T00:03:10.297Z,2023-12-31T23:51:56.602Z,0.980724287,0.137492399,0,1,1,1,1,2
442,7cf7f76b_1764_4ae6_a85d_02e0ebb63ca5,Min_Discharge_Air_Temperature_Setpoint_Limit,145156,2021-01-01T00:03:10.341Z,2023-12-31T23:51:56.670Z,15.69169721,2.199498591,0,16,16,16,16,2
444,fc487980_ca40_4166_88d7_c0c8e0b5c1b8,Outside_Air_Lockout_Temperature_Setpoint,144981,2021-01-01T00:03:10.388Z,2023-12-31T23:51:56.746Z,23.53731868,3.300042061,0,24,24,24,24,2
445,a1ce6616_9c71_4dd1_9283_1eba7da34fa4,Low_Outside_Air_Temperature_Enable_Setpoint,145059,2021-01-01T00:03:10.409Z,2023-12-31T23:51:56.788Z,4.903590953,0.687568566,0,5,5,5,5,2
449,de53eacc_1448_40aa_a4f9_13b75ec04f58,Min_Position_Setpoint_Limit,145167,2021-01-01T00:03:10.495Z,2023-12-31T23:51:56.946Z,9.807463129,1.374153655,0,10,10,10,10,2
451,714c7aa4_2e2e_45e3_966d_919072ce254a,Room_Air_Temperature_Setpoint,145106,2021-01-01T00:03:10.544Z,2023-12-31T23:51:57.020Z,21.57624082,3.023760933,0,22,22,22,22,2
453,8a242263_7b12_44e1_bc5b_e2c5b9f72d31,System_Status,145034,2021-01-01T00:03:10.596Z,2023-12-31T23:51:57.092Z,0.315457065,0.464697649,0,0,0,1,1,2
454,5b002cb5_d1d7_4530_a3d4_b74fce08b27e,Mode_Status,145026,2021-01-01T00:03:10.616Z,2023-12-31T23:51:57.125Z,0.980713803,0.13752905,0,1,1,1,1,2
460,e376c231_9c76_4da6_b3e6_6bd743c3ffdc,Enable_Status,145168,2021-01-01T00:03:10.761Z,2023-12-31T23:51:57.354Z,0.313429957,0.463887507,0,0,0,1,1,2
461,dd1d88eb_7e39_4767_aa2a_bf562791b355,Mode_Command,144989,2021-01-01T00:03:10.782Z,2023-12-31T23:51:57.391Z,0.259957652,0.43861107,0,0,0,1,1,2
462,65cbd31b_2385_4daa_b506_9027fc944bb2,System_Status,144277,2021-01-01T00:03:10.807Z,2023-12-31T23:51:57.434Z,0.296616924,0.45676616,0,0,0,1,1,2
473,29ae3f47_0b89_4223_b46f_db2eb5da302a,Enable_Status,143522,2021-01-01T00:03:14.463Z,2023-12-31T23:52:02.877Z,0.145671047,0.352776123,0,0,0,0,1,2
474,403db364_9025_411d_b12c_f48477c5a381,Enable_Status,143448,2021-01-01T00:03:14.474Z,2023-12-31T23:52:02.890Z,0.145767107,0.35287258,0,0,0,0,1,2
475,868e59bc_0f86_42ad_8f3d_f9ca789aca7c,Enable_Status,143414,2021-01-01T00:03:14.484Z,2023-12-31T23:52:02.903Z,0.324738171,0.468276939,0,0,0,1,1,2
476,e3e678c2_4b66_43f3_b23f_fb1bc364f6f3,Enable_Status,143516,2021-01-01T00:03:14.495Z,2023-12-31T23:52:02.916Z,0.158923047,0.365604311,0,0,0,0,1,2
477,c6f4adff_ef56_44e2_add6_714a15bce2a5,Enable_Status,144407,2021-01-01T00:03:10.827Z,2023-12-31T23:51:57.469Z,0.169846337,0.375497748,0,0,0,0,1,2
478,15980373_bca0_453f_9af7_169c0070f716,Enable_Status,144554,2021-01-01T00:03:10.841Z,2023-12-31T23:51:57.494Z,0.169673617,0.375345815,0,0,0,0,1,2
479,3897ff4a_f72a_473f_8f17_a3f863bb6b77,Enable_Status,144642,2021-01-01T00:03:10.860Z,2023-12-31T23:51:57.520Z,0.259675613,0.438456599,0,0,0,1,1,2
480,70280088_4d47_4d9c_a496_dda81593f2e3,Enable_Status,144802,2021-01-01T00:03:10.872Z,2023-12-31T23:51:57.545Z,0.313718043,0.464003268,0,0,0,1,1,2
481,c899e127_a02b_4ca1_bae6_35790b070c62,Stages_Status,144878,2021-01-01T00:03:10.883Z,2023-12-31T23:51:57.575Z,0.447666312,0.497253643,0,0,0,1,1,2
482,f39d1391_6c3e_44cc_9123_612264c831b7,Alarm,144798,2021-01-01T00:03:10.894Z,2023-12-31T23:51:57.606Z,0.037638641,0.190320714,0,0,0,0,1,2
484,edd9f2c4_5224_433e_a698_6c95856e8f96,Enable_Status,144708,2021-01-01T00:03:10.918Z,2023-12-31T23:51:57.666Z,0.131326533,0.337757124,0,0,0,0,1,2
485,f25a8cfe_b301_4cfb_b9fe_869da8fd7fab,Fault_Status,144902,2021-01-01T00:03:10.930Z,2023-12-31T23:51:57.691Z,0.037611627,0.190255073,0,0,0,0,1,2
486,26fe8480_ef01_49d2_a83d_d172b1ad67f9,Alarm,145119,2021-01-01T00:03:10.940Z,2023-12-31T23:51:57.724Z,6.89E-06,0.002625043,0,0,0,0,1,2
487,22759eff_a4bb_4f1e_bb8e_bc3f4577b146,Enable_Status,144800,2021-01-01T00:03:10.952Z,2023-12-31T23:51:57.754Z,0.125697514,0.331508143,0,0,0,0,1,2
488,cb112b79_28b7_4e1b_8be4_799f336f3c57,Thermal_Power_Sensor,144879,2021-01-01T00:03:10.963Z,2023-12-31T23:51:57.772Z,0.12218472,0.327499029,0,0,0,0,1,2
489,e5b51371_7d32_4ba5_b3ca_8eae9a3d9855,Cooling_Command,145115,2021-01-01T00:03:10.974Z,2023-12-31T23:51:57.790Z,0.980725631,0.137487699,0,1,1,1,1,2
491,105648a4_b620_4504_97b4_2302ebe7ab3b,Cooling_Command,145028,2021-01-01T00:03:10.996Z,2023-12-31T23:51:57.827Z,0.980714069,0.13752812,0,1,1,1,1,2
492,277fdfb6_70bf_4393_8fec_d19af2a40137,Cooling_Command,145025,2021-01-01T00:03:11.008Z,2023-12-31T23:51:57.844Z,0.980706775,0.137553614,0,1,1,1,1,2
493,9ea81184_4e1b_4390_afae_65e0c05b4a15,Cooling_Demand_Setpoint,145072,2021-01-01T00:03:11.018Z,2023-12-31T23:51:57.862Z,49.03565126,6.876588425,0,50,50,50,50,2
500,c5ccee34_228f_417c_8084_dc921283b9c1,Mode_Status,144992,2021-01-01T00:03:11.097Z,2023-12-31T23:51:57.983Z,0.876227654,0.329321655,0,1,1,1,1,2
501,f864fe09_c8c3_4b96_b190_88ef0b1cfe3f,Outside_Air_Temperature_Setpoint,145039,2021-01-01T00:03:11.107Z,2023-12-31T23:51:57.999Z,9.807017423,1.375711996,0,10,10,10,10,2
513,39174b3c_0e37_4568_b159_0c5cccf80959,Point,144603,2021-01-01T00:03:11.442Z,2023-12-31T23:51:58.476Z,0.980643555,0.137774355,0,1,1,1,1,2
517,8263b6cf_3126_4633_868c_9eb507799964,Emergency_Alarm,143503,2021-01-01T00:03:14.559Z,2023-12-31T23:52:03.001Z,2.09E-05,0.004572204,0,0,0,0,1,2
521,ce0e5f96_0dbf_4db5_8321_84491d1aa0f9,Point,143482,2021-01-01T00:03:14.536Z,2023-12-31T23:52:02.973Z,0.980471418,0.138373467,0,1,1,1,1,2
525,5c1ffc0c_d69c_47bd_ada7_7851f4d8226b,Emergency_Alarm,142988,2021-01-01T00:03:17.975Z,2023-12-31T23:52:08.418Z,2.10E-05,0.00458043,0,0,0,0,1,2
529,8f288ca4_0e65_47b2_ac16_ded4a4de769c,Point,142960,2021-01-01T00:03:17.956Z,2023-12-31T23:52:08.389Z,0.979329882,0.142277418,0,1,1,1,1,2
530,e24407a2_f06e_419e_8e96_edf6754d9176,Operating_Mode_Status,144702,2021-01-01T00:03:11.463Z,2023-12-31T23:51:58.504Z,0.980649887,0.137752262,0,1,1,1,1,2
531,21ea1983_4b12_424f_a23b_d663168cd1c0,Enable_Status,144560,2021-01-01T00:03:11.475Z,2023-12-31T23:51:58.518Z,0.980623962,0.137842689,0,1,1,1,1,2
532,81d9cfb5_5e3b_41bb_a35e_7ec2fa362e64,Point,144787,2021-01-01T00:03:11.487Z,2023-12-31T23:51:58.532Z,8.29E-05,0.009103488,0,0,0,0,1,2
533,33427c2b_0bb6_4b75_8920_9a97cbb06098,Temperature_Setpoint,144551,2021-01-01T00:03:12.085Z,2023-12-31T23:51:59.358Z,19.61300856,2.755007527,0,20,20,20,20,2
534,dfa98adb_093a_486a_a2da_523cb7294d4f,System_Enable_Command,144643,2021-01-01T00:03:12.098Z,2023-12-31T23:51:59.376Z,0.980621254,0.137852133,0,1,1,1,1,2
535,2b6b38aa_3a20_4902_ab1a_cbbb3642416f,Proportional_Gain_Parameter,144566,2021-01-01T00:03:12.109Z,2023-12-31T23:51:59.393Z,9.806316838,1.37815763,0,10,10,10,10,2
543,550c1efa_59c0_497a_b453_851dbb82546a,Max_Temperature_Setpoint_Limit,144629,2021-01-01T00:03:12.207Z,2023-12-31T23:51:59.524Z,29.41899619,4.134313591,0,30,30,30,30,2
544,ef8ef7f1_8f81_4c00_b3f3_8da89ad8ff1c,Min_Temperature_Setpoint_Limit,144614,2021-01-01T00:03:12.220Z,2023-12-31T23:51:59.541Z,15.69009916,2.205079341,0,16,16,16,16,2
548,062090b3_5147_41d1_afde_ffee8ed62c7e,Mode_Command,144562,2021-01-01T00:03:12.267Z,2023-12-31T23:51:59.607Z,0.001079122,0.032832259,0,0,0,0,1,2
551,61b90e6c_ab26_43a2_aee4_8eac512e3f16,Enable_Status,144440,2021-01-01T00:03:12.303Z,2023-12-31T23:51:59.657Z,0.320229853,0.46656478,0,0,0,1,1,2
552,a8849783_c012_496e_9222_7750af111ecb,Differential_Pressure_Setpoint,144558,2021-01-01T00:03:12.314Z,2023-12-31T23:51:59.674Z,294.1829577,41.36755622,0,300,300,300,300,2
555,64ff7e69_483c_4d45_9edc_74c00ad9d527,Max_Discharge_Air_Temperature_Setpoint_Limit,144433,2021-01-01T00:03:12.351Z,2023-12-31T23:51:59.727Z,29.41862317,4.135614337,0,30,30,30,30,2
556,580937d1_41bd_4b24_af09_720709833bfb,Operating_Mode_Status,144575,2021-01-01T00:03:12.365Z,2023-12-31T23:51:59.745Z,0.980619056,0.137859795,0,1,1,1,1,2
557,00c9657d_ed65_4700_bee6_45bcb992175a,Min_Discharge_Air_Temperature_Setpoint_Limit,144538,2021-01-01T00:03:12.376Z,2023-12-31T23:51:59.761Z,15.69004691,2.205261561,0,16,16,16,16,2
562,c8418cf8_ec06_436e_8e1e_b15e7b2523b5,Room_Air_Temperature_Setpoint,144578,2021-01-01T00:03:12.437Z,2023-12-31T23:51:59.855Z,21.57362808,3.032884651,0,22,22,22,22,2
564,da2b1313_1111_4e11_b033_97943f46c7f4,System_Status,144556,2021-01-01T00:03:12.460Z,2023-12-31T23:51:59.893Z,0.319557818,0.466305285,0,0,0,1,1,2
566,324eb1fb_0c49_45ce_8628_e780b84964aa,Temperature_Setpoint,144410,2021-01-01T00:03:12.485Z,2023-12-31T23:51:59.928Z,19.61179974,2.759221959,0,20,20,20,20,2
567,8325d4d1_e310_402b_bc3c_9597123825d3,System_Enable_Command,144500,2021-01-01T00:03:12.497Z,2023-12-31T23:51:59.945Z,0.980622837,0.137846611,0,1,1,1,1,2
568,dcc8c731_53e3_4f43_967b_5a1e02216bd8,Proportional_Gain_Parameter,144427,2021-01-01T00:03:12.507Z,2023-12-31T23:51:59.964Z,9.805991954,1.379290156,0,10,10,10,10,2
576,3d429929_1aeb_49bc_b5c1_4fb7955e7b06,Max_Temperature_Setpoint_Limit,144415,2021-01-01T00:03:12.609Z,2023-12-31T23:52:00.104Z,29.41813524,4.137315112,0,30,30,30,30,2
577,10bf38f3_ba29_41c3_a61a_c77a8cd0a6d7,Min_Temperature_Setpoint_Limit,144461,2021-01-01T00:03:12.621Z,2023-12-31T23:52:00.122Z,15.6898817,2.205837589,0,16,16,16,16,2
581,59aa6de5_2074_4168_ad94_00339e21603e,Mode_Command,144369,2021-01-01T00:03:12.669Z,2023-12-31T23:52:00.191Z,9.00E-05,0.009488884,0,0,0,0,1,2
584,3bc4d618_e8b4_4731_850e_eec0de05b899,Enable_Status,144315,2021-01-01T00:03:12.702Z,2023-12-31T23:52:00.244Z,0.319599487,0.466321407,0,0,0,1,1,2
585,77bc70e6_7b0c_4c69_ae68_f1095f56f175,Differential_Pressure_Setpoint,144379,2021-01-01T00:03:12.714Z,2023-12-31T23:52:00.262Z,294.1840572,41.3637237,0,300,300,300,300,2
588,25dc6fea_6fc1_43cb_9b0a_fa81d4eb2383,Max_Discharge_Air_Temperature_Setpoint_Limit,144287,2021-01-01T00:03:12.748Z,2023-12-31T23:52:00.321Z,29.41741113,4.139837708,0,30,30,30,30,2
589,c418fa15_090c_47a6_b39b_8576af580b19,Operating_Mode_Status,144441,2021-01-01T00:03:12.760Z,2023-12-31T23:52:00.340Z,0.980614922,0.137874205,0,1,1,1,1,2
590,33b4836a_7838_480f_a641_4621288e2ff2,Min_Discharge_Air_Temperature_Setpoint_Limit,144375,2021-01-01T00:03:12.772Z,2023-12-31T23:52:00.357Z,15.68947532,2.207253776,0,16,16,16,16,2
595,3041928a_2eb2_48aa_a124_0736ec019c4b,Room_Air_Temperature_Setpoint,144377,2021-01-01T00:03:12.829Z,2023-12-31T23:52:00.442Z,21.57318686,3.034422436,0,22,22,22,22,2
597,edf90edb_3ef1_41e7_9ed6_7097803798f1,System_Status,144383,2021-01-01T00:03:12.853Z,2023-12-31T23:52:00.475Z,0.318957218,0.466072431,0,0,0,1,1,2
599,8f7f7acf_ffa1_45ff_a868_8ae19ebabe53,Temperature_Setpoint,144320,2021-01-01T00:03:12.876Z,2023-12-31T23:52:00.508Z,19.61183481,2.759099773,0,20,20,20,20,2
600,c1a6f74a_95fe_49fe_8b55_d78de51ff45c,System_Enable_Command,144362,2021-01-01T00:03:12.892Z,2023-12-31T23:52:00.525Z,0.98059046,0.137959449,0,1,1,1,1,2
601,0c139e30_412d_4331_a131_bd9d37082768,Proportional_Gain_Parameter,144261,2021-01-01T00:03:12.904Z,2023-12-31T23:52:00.540Z,9.80583803,1.379826378,0,10,10,10,10,2
609,6ba43136_3c00_4d77_adee_557c4b027fd1,Max_Temperature_Setpoint_Limit,144296,2021-01-01T00:03:12.996Z,2023-12-31T23:52:00.673Z,29.41765538,4.138987012,0,30,30,30,30,2
610,86a55b03_c075_4941_9c4e_0af11ebe1fb2,Min_Temperature_Setpoint_Limit,144288,2021-01-01T00:03:13.008Z,2023-12-31T23:52:00.690Z,15.6891772,2.208292093,0,16,16,16,16,2
614,b157a75e_4e91_4072_97ba_c0a0c9524954,Mode_Command,144222,2021-01-01T00:03:13.054Z,2023-12-31T23:52:00.756Z,0.002565489,0.050585646,0,0,0,0,1,2
617,292678da_3e72_4715_85ed_a0e019bc3a95,Enable_Status,144157,2021-01-01T00:03:13.086Z,2023-12-31T23:52:00.807Z,0.321274721,0.466966032,0,0,0,1,1,2
618,91b9dd7b_7f1d_4bb3_a152_c8391a4398b6,Differential_Pressure_Setpoint,144257,2021-01-01T00:03:13.100Z,2023-12-31T23:52:00.827Z,294.1708201,41.40983726,0,300,300,300,300,2
621,d3ae64d9_5d6b_47dd_8662_8f4b8171c4c5,Max_Discharge_Air_Temperature_Setpoint_Limit,144114,2021-01-01T00:03:13.133Z,2023-12-31T23:52:00.883Z,29.41671177,4.142272534,0,30,30,30,30,2
622,59195fd8_9b97_4fa2_b0ab_30effed9cf62,Operating_Mode_Status,144281,2021-01-01T00:03:13.145Z,2023-12-31T23:52:00.899Z,0.980579563,0.137997403,0,1,1,1,1,2
623,08cb745e_9ebd_4f6f_8410_01053aa8f8d6,Min_Discharge_Air_Temperature_Setpoint_Limit,144202,2021-01-01T00:03:13.156Z,2023-12-31T23:52:00.915Z,15.68899183,2.208937442,0,16,16,16,16,2
625,021f5ffa_16bc_4efc_bedd_5eb04d8b3837,Air_Temperature_Sensor,144203,2021-01-01T00:03:13.178Z,2023-12-31T23:52:00.948Z,1.961110379,0.276164515,0,2,2,2,2,2
630,8397f972_46bc_4062_bbb5_294aa04990b0,System_Status,144269,2021-01-01T00:03:13.235Z,2023-12-31T23:52:01.031Z,0.321531306,0.467064155,0,0,0,1,1,2
632,a8c6ed3c_1fe1_4c65_b523_520d456cd9e9,Temperature_Setpoint,143097,2021-01-01T00:03:17.563Z,2023-12-31T23:52:07.739Z,19.58671391,2.845156667,0,20,20,20,20,2
633,c837b3af_a98b_4ea3_bff6_9012504ff93e,System_Enable_Command,143090,2021-01-01T00:03:17.572Z,2023-12-31T23:52:07.758Z,0.979327696,0.142284785,0,1,1,1,1,2
634,7f58bcdb_a365_4a27_9295_b6d4fced9c0f,Proportional_Gain_Parameter,143149,2021-01-01T00:03:17.583Z,2023-12-31T23:52:07.778Z,19.58672432,2.845121574,0,20,20,20,20,2
636,2f3c0c2e_ea6f_4d88_8383_e71f54b61200,Point,143175,2021-01-01T00:03:17.606Z,2023-12-31T23:52:07.814Z,0.979339969,0.142243434,0,1,1,1,1,2
642,96e84c0c_5a9b_4c58_b76b_781a73880537,Max_Temperature_Setpoint_Limit,143081,2021-01-01T00:03:17.669Z,2023-12-31T23:52:07.921Z,29.37979187,4.268674957,0,30,30,30,30,2
643,ba9bea17_be44_40d3_b32a_1293472a2a00,Min_Temperature_Setpoint_Limit,143078,2021-01-01T00:03:17.682Z,2023-12-31T23:52:07.939Z,15.66932722,2.276273268,0,16,16,16,16,2
647,aeab89a2_0d9b_4ebd_97fe_033e93447fbd,Mode_Command,143022,2021-01-01T00:03:17.725Z,2023-12-31T23:52:08.018Z,8.39E-05,0.009159483,0,0,0,0,1,2
650,9d856aa0_74ca_4b12_a25c_1ca90cc1fc92,Enable_Status,143088,2021-01-01T00:03:17.757Z,2023-12-31T23:52:08.070Z,0.282567371,0.450247767,0,0,0,1,1,2
651,4609947b_c8a2_4cc1_9c37_535502f7d2cc,Differential_Pressure_Setpoint,143028,2021-01-01T00:03:17.769Z,2023-12-31T23:52:08.088Z,293.8019129,42.67329191,0,300,300,300,300,2
654,7ab46192_1167_472a_afd6_1a5ce1fbabdd,Max_Discharge_Air_Temperature_Setpoint_Limit,143066,2021-01-01T00:03:17.801Z,2023-12-31T23:52:08.144Z,29.38056561,4.266067586,0,30,30,30,30,2
655,ef1c39a8_1a31_484a_855b_1b484fbcf1bf,Operating_Mode_Status,142984,2021-01-01T00:03:17.812Z,2023-12-31T23:52:08.160Z,0.979340346,0.142242163,0,1,1,1,1,2
656,3c9ca09b_8952_45da_a066_bcb645cbbc68,Min_Discharge_Air_Temperature_Setpoint_Limit,143142,2021-01-01T00:03:17.822Z,2023-12-31T23:52:08.176Z,15.6698104,2.274644688,0,16,16,16,16,2
663,6f502ba0_77fb_43db_b6dc_48e68d5c822b,System_Status,143005,2021-01-01T00:03:17.897Z,2023-12-31T23:52:08.306Z,0.282591518,0.450259427,0,0,0,1,1,2
665,c157e611_6cf7_4e6b_a439_e002fdec0c22,Temperature_Setpoint,143252,2021-01-01T00:03:17.176Z,2023-12-31T23:52:07.136Z,19.58674224,2.845061184,0,20,20,20,20,2
666,66ca8fbb_1c4a_4da0_83e9_682a105db0ce,System_Enable_Command,143254,2021-01-01T00:03:17.188Z,2023-12-31T23:52:07.157Z,0.979337401,0.142252087,0,1,1,1,1,2
667,77f7b769_34f6_44d0_a372_e35b8cc486f6,Proportional_Gain_Parameter,143177,2021-01-01T00:03:17.202Z,2023-12-31T23:52:07.178Z,9.793262884,1.42289526,0,10,10,10,10,2
675,b8c9fe85_44f3_4a7a_aec5_0181101044c8,Max_Temperature_Setpoint_Limit,143252,2021-01-01T00:03:17.299Z,2023-12-31T23:52:07.320Z,29.38032279,4.266886045,0,30,30,30,30,2
676,2668358d_a507_4a83_882d_bf9f800ff9d1,Min_Temperature_Setpoint_Limit,143202,2021-01-01T00:03:17.310Z,2023-12-31T23:52:07.340Z,15.66939009,2.276061425,0,16,16,16,16,2
680,f789e5f7_3417_4cee_a783_7e8887e520ae,Mode_Command,143208,2021-01-01T00:03:17.356Z,2023-12-31T23:52:07.410Z,0.000167588,0.012944509,0,0,0,0,1,2
683,0db0177c_1dc2_4396_9054_c206c3ff02fa,Enable_Status,143103,2021-01-01T00:03:17.389Z,2023-12-31T23:52:07.465Z,0.504007603,0.499983939,0,0,1,1,1,2
684,454fc0fa_4c69_45ff_8dab_c7bee2644dc9,Differential_Pressure_Setpoint,143157,2021-01-01T00:03:17.400Z,2023-12-31T23:52:07.489Z,293.8012113,42.6756563,0,300,300,300,300,2
687,3f18ed73_2f85_45b0_bd7f_048e9229043a,Max_Discharge_Air_Temperature_Setpoint_Limit,143130,2021-01-01T00:03:17.434Z,2023-12-31T23:52:07.545Z,29.38000419,4.267959634,0,30,30,30,30,2
688,67acaa30_5d5a_42af_90a6_a5715b673f7c,Operating_Mode_Status,143209,2021-01-01T00:03:17.447Z,2023-12-31T23:52:07.564Z,0.979344874,0.142226904,0,1,1,1,1,2
689,d91528be_afcd_4a27_9f58_899515e78994,Min_Discharge_Air_Temperature_Setpoint_Limit,143110,2021-01-01T00:03:17.458Z,2023-12-31T23:52:07.580Z,15.66928936,2.276400832,0,16,16,16,16,2
694,1dbe18bb_c8ed_4394_9e12_4e5bebfbf3b3,Room_Air_Temperature_Setpoint,143190,2021-01-01T00:03:17.515Z,2023-12-31T23:52:07.668Z,21.54552692,3.129195093,0,22,22,22,22,2
696,b19e4e8d_83b6_44a7_a91f_09dce277d2e7,System_Status,143195,2021-01-01T00:03:17.542Z,2023-12-31T23:52:07.707Z,0.27658787,0.447310876,0,0,0,1,1,2
702,28da5ba1_1a2d_4594_9da4_bc916c19f360,Enable_Status,144836,2021-01-01T00:03:11.152Z,2023-12-31T23:51:58.062Z,0.367401751,0.482097194,0,0,0,1,1,2
703,4c2158af_f3a1_4a39_af94_efae7e63597f,Fault_Status,144909,2021-01-01T00:03:11.166Z,2023-12-31T23:51:58.079Z,0.035684464,0.185502245,0,0,0,0,1,2
704,a93bff62_2589_4701_9a3f_03082706f111,System_Status,145082,2021-01-01T00:03:11.179Z,2023-12-31T23:51:58.096Z,0.131229236,0.33765089,0,0,0,0,1,2
709,b3c66a26_6ff1_4a6d_a82e_de299215db78,Stages_Status,145113,2021-01-01T00:03:11.234Z,2023-12-31T23:51:58.179Z,0.447547773,0.497241153,0,0,0,1,1,2
710,c8dcc38e_a9ae_4a44_85c1_dbc27f5ba559,Enable_Status,144792,2021-01-01T00:03:11.245Z,2023-12-31T23:51:58.200Z,0.39374413,0.488579257,0,0,0,1,1,2
711,26474aac_3036_42e8_860a_25bd407c888b,System_Status,144876,2021-01-01T00:03:11.257Z,2023-12-31T23:51:58.217Z,0.374002595,0.483864293,0,0,0,1,1,2
712,ccb76429_d16b_42df_9b76_4492b28d6d81,Heating_Command,144892,2021-01-01T00:03:11.268Z,2023-12-31T23:51:58.232Z,0.390490848,0.487860375,0,0,0,1,1,2
713,608b74f5_9fed_4464_91d6_1ff857da60da,Heating_Command,144828,2021-01-01T00:03:11.278Z,2023-12-31T23:51:58.247Z,0.980659817,0.13771761,0,1,1,1,1,2
714,0c6cb0a3_7b9c_43af_baf5_dcb4ccd6914a,Heating_Command,144986,2021-01-01T00:03:11.289Z,2023-12-31T23:51:58.262Z,0.980687791,0.13761994,0,1,1,1,1,2
715,2bfea9cf_141f_4a2e_8dd0_50eb3c5219e4,Heating_Demand_Setpoint,144785,2021-01-01T00:03:11.301Z,2023-12-31T23:51:58.277Z,29.41941499,4.132852672,0,30,30,30,30,2
718,d3311603_7101_455f_9692_1d4d08ddc3ea,Mode_Status,144991,2021-01-01T00:03:11.333Z,2023-12-31T23:51:58.327Z,0.906297632,0.291414197,0,1,1,1,1,2
719,5344c826_a528_465b_b962_a22c2c662cb3,Outside_Air_Temperature_Setpoint,144695,2021-01-01T00:03:11.344Z,2023-12-31T23:51:58.343Z,23.5352431,3.30728993,0,24,24,24,24,2
730,a77ec80b_9fd3_4ac9_a227_d9c11b01f0de,Electrical_Energy_Sensor,1446178,2021-01-01T00:00:08.611Z,2023-12-31T23:59:54.488Z,5302.428973,1783.026299,0,5902,5902,5902,5902,2
732,7501ddac_f570_469a_86f6_071737d419e7,Electrical_Energy_Sensor,1446408,2021-01-01T00:00:08.622Z,2023-12-31T23:59:54.513Z,-0.89850305,0.301985627,-1,-1,-1,-1,0,2
754,9ff52a4f_128b_4c44_86b3_4fa1d029506e,Electrical_Energy_Sensor,1445082,2021-01-01T00:00:08.860Z,2023-12-31T23:59:54.963Z,-0.898387081,0.3021386,-1,-1,-1,-1,0,2
774,1afde7d7_004d_41c5_89b2_ede5967e4807,Electrical_Energy_Sensor,1444583,2021-01-01T00:00:09.079Z,2023-12-31T23:59:55.392Z,5.948578932,7.732507459,0,0,0,16,16,2
776,d8449728_9f2d_469b_973b_2a5fa2b7d0c0,Electrical_Energy_Sensor,1443864,2021-01-01T00:00:09.088Z,2023-12-31T23:59:55.418Z,-0.898385166,0.302141125,-1,-1,-1,-1,0,2
795,94b2695c_7314_412c_b1c4_45df586f4757,Point,1443468,2021-01-01T00:00:09.290Z,2023-12-31T23:59:55.809Z,0.898363525,0.302169658,0,1,1,1,1,2
798,8f40de4d_72a0_4dc9_b757_9b32f62cb3fe,Electrical_Energy_Sensor,1442889,2021-01-01T00:00:09.321Z,2023-12-31T23:59:55.873Z,-0.898308186,0.3022426,-1,-1,-1,-1,0,2
817,b2185d5a_37d4_4703_8953_22856c9f04cd,Point,1442283,2021-01-01T00:00:09.523Z,2023-12-31T23:59:56.269Z,0.898304286,0.30224774,0,1,1,1,1,2
820,e71b8d64_7691_4826_9f6b_8e1c8f396482,Electrical_Energy_Sensor,1441662,2021-01-01T00:00:09.551Z,2023-12-31T23:59:56.323Z,-0.898252156,0.302316424,-1,-1,-1,-1,0,2
833,4117d845_cd0d_4759_97b0_bd4ab87c595a,Usage_Sensor,144636,2021-01-01T00:03:11.562Z,2023-12-31T23:51:58.621Z,390416.7404,54854.74612,0,398124,398124,398124,398124,2
838,3c2f73b2_fd4f_4c94_b9a5_1c2b18165aea,Reset_Setpoint,144685,2021-01-01T00:03:11.537Z,2023-12-31T23:51:58.591Z,0.980654525,0.137736078,0,1,1,1,1,2
6,eb0d5916_d942_4e2d_8129_60b83d984fdd,Max_Temperature_Setpoint_Limit,143698,2021-01-01T00:03:14.674Z,2023-12-31T23:52:03.156Z,12.68551058,11.71308676,0,0,22.5,22.5,25,3
8,efe6f878_7bda_4378_a739_9f67b5731f2a,Min_Temperature_Setpoint_Limit,143675,2021-01-01T00:03:14.698Z,2023-12-31T23:52:03.193Z,11.13064207,10.28436566,0,0,19,21.5,21.5,3
21,5fe6b5c7_9f67_4044_b4f6_d673003c53c0,Cooling_Temperature_Setpoint,143679,2021-01-01T00:03:14.847Z,2023-12-31T23:52:03.437Z,12.6875013,11.71291428,0,0,22.5,22.5,25,3
22,4c8df37a_3677_4c84_b346_0b6979ccbf06,Air_Temperature_Sensor,143643,2021-01-01T00:03:14.859Z,2023-12-31T23:52:03.457Z,1.557193876,2.286270807,0,0,1,1,6,3
23,d4991106_54c3_4017_a889_c250bac80c2b,Heating_Temperature_Setpoint,143613,2021-01-01T00:03:14.870Z,2023-12-31T23:52:03.479Z,11.13554483,10.28393226,0,0,19,21.5,21.5,3
34,7e1083f7_8274_4df8_abbd_3b1336557040,Max_Temperature_Setpoint_Limit,143655,2021-01-01T00:03:14.993Z,2023-12-31T23:52:03.685Z,12.6898298,11.71277454,0,0,22.5,22.5,25,3
36,757f31c2_0c2e_4e2d_b085_9970d88f40c6,Min_Temperature_Setpoint_Limit,143624,2021-01-01T00:03:15.016Z,2023-12-31T23:52:03.725Z,11.13447961,10.28408848,0,0,19,21.5,21.5,3
49,6da16878_c4e0_43d8_bf65_aa5cbeac57af,Cooling_Temperature_Setpoint,143647,2021-01-01T00:03:15.165Z,2023-12-31T23:52:03.982Z,12.69051912,11.7127014,0,0,22.5,22.5,25,3
50,3579ef08_6cda_483a_8b7e_cb2e471de630,Air_Temperature_Sensor,143559,2021-01-01T00:03:15.176Z,2023-12-31T23:52:03.999Z,1.558293106,2.28677061,0,0,1,1,6,3
51,2bc454c3_a32b_40b6_a272_56fb161e8a24,Heating_Temperature_Setpoint,143641,2021-01-01T00:03:15.187Z,2023-12-31T23:52:04.016Z,11.13340898,10.28413576,0,0,19,21.5,21.5,3
62,61631b38_b0b9_4c7c_96a5_ac0a43bb2074,Max_Temperature_Setpoint_Limit,143571,2021-01-01T00:03:15.310Z,2023-12-31T23:52:04.266Z,23.96998349,3.572148766,0,23.5,25,25,25,3
64,75e21308_99b7_48d0_83c3_a1753f5d982f,Min_Temperature_Setpoint_Limit,143578,2021-01-01T00:03:15.333Z,2023-12-31T23:52:04.303Z,19.78735948,3.326897986,0,19,19,22.5,22.5,3
77,34208a29_b7b4_4224_8c1d_659992ae443e,Cooling_Temperature_Setpoint,143560,2021-01-01T00:03:15.478Z,2023-12-31T23:52:04.533Z,23.9702633,3.571156582,0,23.5,25,25,25,3
78,430ca3a7_9f16_490f_aae0_f7fd9675c8a9,Air_Temperature_Sensor,143535,2021-01-01T00:03:15.489Z,2023-12-31T23:52:04.552Z,4.182004389,2.431114306,0,1,6,6,6,3
79,4e58a613_f9cf_42dc_9e66_530950548cd7,Heating_Temperature_Setpoint,143543,2021-01-01T00:03:15.503Z,2023-12-31T23:52:04.570Z,19.78791373,3.326490427,0,19,19,22.5,22.5,3
81,05b18e56_48a1_4849_b3c0_693beb43bd53,Room_Air_Temperature_Setpoint,143551,2021-01-01T00:03:15.526Z,2023-12-31T23:52:04.610Z,21.87917186,3.229339989,0,22,22,23,23,3
118,8fab601c_cd78_41bd_bb26_6bd3edbddcdb,Max_Temperature_Setpoint_Limit,143441,2021-01-01T00:03:15.992Z,2023-12-31T23:52:05.279Z,13.04579583,12.00055383,0,0,23.5,23.5,25,3
120,9a507b72_7ad3_494c_b0c1_dd4c0ebbb506,Min_Temperature_Setpoint_Limit,143419,2021-01-01T00:03:16.014Z,2023-12-31T23:52:05.315Z,11.48839066,10.62901959,0,0,19,22.5,22.5,3
133,405896a1_c195_422d_a0aa_18d2eca6a61d,Cooling_Temperature_Setpoint,143399,2021-01-01T00:03:16.153Z,2023-12-31T23:52:05.550Z,13.05010844,12.0001805,0,0,23.5,23.5,25,3
134,03f84d72_615b_4b71_840c_41c2a5015d76,Air_Temperature_Sensor,143380,2021-01-01T00:03:16.163Z,2023-12-31T23:52:05.566Z,1.560203655,2.287504678,0,0,1,1,6,3
135,f2eec6f2_5e90_4b17_8e1a_f9696fcc8580,Heating_Temperature_Setpoint,143377,2021-01-01T00:03:16.174Z,2023-12-31T23:52:05.581Z,11.49297307,10.62855483,0,0,19,22.5,22.5,3
137,2d018326_faf7_4e32_9e49_55403d2fd51d,Room_Air_Temperature_Setpoint,143401,2021-01-01T00:03:16.195Z,2023-12-31T23:52:05.614Z,12.26919617,11.27748465,0,0,22,23,23,3
174,6c3c5fb2_3a7d_4d8f_8bd9_103c12eeeff4,Max_Temperature_Setpoint_Limit,143333,2021-01-01T00:03:16.594Z,2023-12-31T23:52:06.249Z,20.05989549,8.759351032,0,22,25,25,25,3
176,8e0dc973_8228_42b4_b32c_971ad0ba42b9,Min_Temperature_Setpoint_Limit,143359,2021-01-01T00:03:16.616Z,2023-12-31T23:52:06.284Z,16.69727049,7.258365481,0,19,19,21,21,3
189,93ed260e_1391_47b8_90d4_ebfc8615470e,Cooling_Temperature_Setpoint,143278,2021-01-01T00:03:16.770Z,2023-12-31T23:52:06.524Z,20.06000921,8.758657466,0,22,25,25,25,3
190,b7f27959_ba2f_4447_947e_8b0bb3bdc0d5,Air_Temperature_Sensor,143290,2021-01-01T00:03:16.782Z,2023-12-31T23:52:06.540Z,3.3629702,2.678197162,0,1,6,6,6,3
191,f8150516_c497_40c8_9d93_ca9143fb9ecd,Heating_Temperature_Setpoint,143335,2021-01-01T00:03:16.794Z,2023-12-31T23:52:06.556Z,16.69724771,7.258693545,0,19,19,21,21,3
193,d4b6d6d5_a827_49b6_8498_988a82f6c716,Room_Air_Temperature_Setpoint,143300,2021-01-01T00:03:16.815Z,2023-12-31T23:52:06.594Z,18.37770412,7.932489159,0,21.5,22,22,22,3
202,f19fb0a6_02e2_4463_b62d_e1898668dc7c,Max_Temperature_Setpoint_Limit,143302,2021-01-01T00:03:16.919Z,2023-12-31T23:52:06.751Z,23.1730262,5.170924496,0,23,25,25,25,3
204,63172dff_9c98_446e_981b_45a0c073d2f9,Min_Temperature_Setpoint_Limit,143307,2021-01-01T00:03:16.943Z,2023-12-31T23:52:06.784Z,19.14386597,4.429893967,0,19,19,22,22,3
217,29fcf6b6_31db_4c39_954d_b54c57ccd39a,Cooling_Temperature_Setpoint,143224,2021-01-01T00:03:17.092Z,2023-12-31T23:52:07.022Z,23.17102581,5.174323665,0,23,25,25,25,3
218,88c705af_679c_4b6c_b2c5_e3078a71c7ad,Air_Temperature_Sensor,143208,2021-01-01T00:03:17.104Z,2023-12-31T23:52:07.040Z,4.027889503,2.499419811,0,1,6,6,6,3
219,b9521d70_3b01_4269_9bf5_b9ff1f75b727,Heating_Temperature_Setpoint,143227,2021-01-01T00:03:17.115Z,2023-12-31T23:52:07.056Z,19.1435693,4.432002108,0,19,19,22,22,3
221,eb921c3a_2936_4634_9e61_e4e2a117b1ec,Room_Air_Temperature_Setpoint,143182,2021-01-01T00:03:17.142Z,2023-12-31T23:52:07.088Z,21.15786551,4.651343792,0,22,22,22.5,22.5,3
254,153b9bda_a4d6_4f25_9710_f65194d66f6c,Min_Temperature_Setpoint_Limit,144950,2021-01-01T00:03:11.689Z,2023-12-31T23:51:58.787Z,21.17960676,3.011943705,0,21,22,22,22,3
277,dc2f8f57_1cba_4667_86c4_a089c0371562,Air_Temperature_Sensor,144610,2021-01-01T00:03:11.975Z,2023-12-31T23:51:59.195Z,1.37572782,0.52277634,0,1,1,2,2,3
278,b993dc74_b17e_431f_b30e_bad265d21fcc,Heating_Temperature_Setpoint,144713,2021-01-01T00:03:11.988Z,2023-12-31T23:51:59.213Z,21.17909932,3.014844571,0,21,22,22,22,3
281,09dddf0d_4fa8_4fd2_8772_48c76c9f378c,Room_Air_Temperature_Setpoint,144678,2021-01-01T00:03:12.025Z,2023-12-31T23:51:59.265Z,21.86666598,3.082578867,0,22,22.5,22.5,22.5,3
321,74bddb76_5062_4e8c_87f6_d049d86397cb,Room_Air_Temperature_Setpoint,144022,2021-01-01T00:03:13.659Z,2023-12-31T23:52:01.684Z,21.57135715,3.039146172,0,22,22,22,22,3
359,57ba80ff_11b6_4547_a406_f54ae23f24d9,Room_Air_Temperature_Setpoint,143849,2021-01-01T00:03:14.106Z,2023-12-31T23:52:02.369Z,21.57084165,3.040936762,0,22,22,22,22,3
374,5ac2b6af_9f6b_43e1_847c_ee539ea65ef5,Max_Temperature_Setpoint_Limit,145312,2021-01-01T00:03:08.770Z,2023-12-31T23:51:53.868Z,22.26554242,3.126422708,0,22.5,22.5,23,23,3
376,cdad6df4_aa45_487d_9369_be7665cd2929,Min_Temperature_Setpoint_Limit,145287,2021-01-01T00:03:08.807Z,2023-12-31T23:51:53.984Z,20.88870649,2.934554724,0,21,21.5,21.5,21.5,3
398,54d670e8_000e_42f6_a8c4_f22f20e298e3,Cooling_Temperature_Setpoint,145233,2021-01-01T00:03:09.319Z,2023-12-31T23:51:55.016Z,22.26547685,3.12670797,0,22.5,22.5,23,23,3
399,84ddec06_b9f3_4f34_936d_0789717cae25,Air_Temperature_Sensor,145266,2021-01-01T00:03:09.338Z,2023-12-31T23:51:55.045Z,1.376853496,0.522770059,0,1,1,2,2,3
400,cf10043c_ebe3_4db0_8abf_8f3908a8c933,Heating_Temperature_Setpoint,145191,2021-01-01T00:03:09.364Z,2023-12-31T23:51:55.082Z,20.88874999,2.934478221,0,21,21.5,21.5,21.5,3
539,62482ead_e807_4a8b_a1dd_84c8544b6578,Max_Temperature_Setpoint_Limit,144644,2021-01-01T00:03:12.156Z,2023-12-31T23:51:59.457Z,22.26179793,3.137743634,0,22.5,22.5,23,23,3
541,139f8178_52ee_4ec7_af6a_42e0b1bd2546,Min_Temperature_Setpoint_Limit,144656,2021-01-01T00:03:12.184Z,2023-12-31T23:51:59.490Z,20.88611603,2.944921681,0,21,21.5,21.5,21.5,3
558,a226896c_34ee_4170_9181_07bd294f2d41,Cooling_Temperature_Setpoint,144481,2021-01-01T00:03:12.391Z,2023-12-31T23:51:59.778Z,22.26090974,3.140547154,0,22.5,22.5,23,23,3
559,236bb7ad_eb0d_40ae_b841_2e3b5c748fd5,Air_Temperature_Sensor,144524,2021-01-01T00:03:12.402Z,2023-12-31T23:51:59.797Z,1.375619274,0.522746101,0,1,1,2,2,3
560,4125da91_852a_40a6_b9b2_ae0ff721379f,Heating_Temperature_Setpoint,144481,2021-01-01T00:03:12.414Z,2023-12-31T23:51:59.816Z,20.8854313,2.947694699,0,21,21.5,21.5,21.5,3
572,2d94fecd_b601_4c5a_936d_662d99e4edcf,Max_Temperature_Setpoint_Limit,144468,2021-01-01T00:03:12.556Z,2023-12-31T23:52:00.034Z,22.26103705,3.140140484,0,22.5,22.5,23,23,3
574,e603d239_8b09_4fb8_a1ca_a7d475da3475,Min_Temperature_Setpoint_Limit,144462,2021-01-01T00:03:12.580Z,2023-12-31T23:52:00.069Z,20.88569312,2.946862084,0,21,21.5,21.5,21.5,3
591,36510756_4918_4f07_9e40_c96ef1ff7239,Cooling_Temperature_Setpoint,144403,2021-01-01T00:03:12.783Z,2023-12-31T23:52:00.375Z,22.26118571,3.139741734,0,22.5,22.5,23,23,3
592,5b1bfac5_c924_4e0b_ba79_7d3b6e7c4a05,Air_Temperature_Sensor,144387,2021-01-01T00:03:12.793Z,2023-12-31T23:52:00.393Z,1.375497794,0.522778832,0,1,1,2,2,3
593,46c72f42_6a42_4dff_a42c_abcd15775178,Heating_Temperature_Setpoint,144311,2021-01-01T00:03:12.807Z,2023-12-31T23:52:00.410Z,20.88531713,2.948369385,0,21,21.5,21.5,21.5,3
628,31b2fc7d_9187_4724_818f_40d88a14e1f3,Room_Air_Temperature_Setpoint,144231,2021-01-01T00:03:13.211Z,2023-12-31T23:52:00.998Z,20.98636909,2.994117319,0,21,21,22,22,3
661,0653ab33_0059_4e34_a822_d9ed02a6a26a,Room_Air_Temperature_Setpoint,143014,2021-01-01T00:03:17.875Z,2023-12-31T23:52:08.265Z,21.64784567,3.158389644,0,22,22,22,23,3
729,1be1ba75_f7bc_4270_b037_60fc602b36ac,Point,1446764,2021-01-01T00:00:08.591Z,2023-12-31T23:59:54.438Z,1.79687081,0.604083383,0,2,2,2,2,3
751,2ff2001b_b4fa_4fc3_adc8_b90e4c1b746f,Point,1445901,2021-01-01T00:00:08.825Z,2023-12-31T23:59:54.893Z,1.600139982,0.665665361,0,1,2,2,2,3
773,d8baa241_df08_4ec6_a10b_c34ca8f81b0b,Point,1444502,2021-01-01T00:00:09.058Z,2023-12-31T23:59:55.345Z,1.796730638,0.604198825,0,2,2,2,2,3
834,894ffb99_daa6_4436_ab8f_4d95f7a8af5e,Usage_Sensor,144609,2021-01-01T00:03:11.524Z,2023-12-31T23:51:58.576Z,1.816968515,4.435424531,0,0,0,0,20,3
316,09d686a2_134c_4904_b4c4_8ce3ce582169,Air_Temperature_Sensor,144040,2021-01-01T00:03:13.600Z,2023-12-31T23:52:01.596Z,2.619723688,2.00367852,0,1,2,2,6,4
355,a52e12e5_dafa_4c8a_9ce5_0e66125d208c,Air_Temperature_Sensor,143862,2021-01-01T00:03:14.060Z,2023-12-31T23:52:02.293Z,2.618113192,2.003251379,0,1,2,2,6,4
424,f42500c6_71ed_46e3_b72d_8e1b6b547171,Max_Temperature_Setpoint_Limit,145073,2021-01-01T00:03:09.929Z,2023-12-31T23:51:56.002Z,22.88954526,3.355520545,0,22.5,23,23,25,4
426,5aadcedf_c233_4df9_9903_aae9e1a7accf,Min_Temperature_Setpoint_Limit,145050,2021-01-01T00:03:09.980Z,2023-12-31T23:51:56.076Z,20.26303344,3.005391553,0,19,21,21.5,21.5,4
446,03a31202_d278_4d7a_b565_fa0427a57822,Cooling_Temperature_Setpoint,145022,2021-01-01T00:03:10.433Z,2023-12-31T23:51:56.829Z,22.88925818,3.35661582,0,22.5,23,24.5,25,4
447,c12eb576_6496_4553_b655_b6a3c465d679,Air_Temperature_Sensor,145056,2021-01-01T00:03:10.457Z,2023-12-31T23:51:56.864Z,2.626992334,2.005085833,0,1,2,6,6,4
448,b34b56ec_8b0e_44d7_9c8c_163046963890,Heating_Temperature_Setpoint,145010,2021-01-01T00:03:10.475Z,2023-12-31T23:51:56.906Z,20.26304048,3.006218947,0,19,21,21.5,21.5,4
605,5a652cd1_ad60_4c80_be85_fc5daa2a03b4,Max_Temperature_Setpoint_Limit,144310,2021-01-01T00:03:12.951Z,2023-12-31T23:52:00.606Z,21.96095524,3.128213544,0,22,22,23,23,4
607,a5823f69_5cc8_46c2_9bdd_c934af38340a,Min_Temperature_Setpoint_Limit,144286,2021-01-01T00:03:12.975Z,2023-12-31T23:52:00.639Z,19.99988259,2.855454277,0,20,20,21,21,4
624,88936720_242e_4c0b_be77_18ea6dbf58f4,Cooling_Temperature_Setpoint,144272,2021-01-01T00:03:13.167Z,2023-12-31T23:52:00.932Z,21.96114991,3.126987832,0,22,22,23,23,4
626,7766d090_ec44_4bfa_ad0a_9efd34902fdd,Heating_Temperature_Setpoint,144192,2021-01-01T00:03:13.190Z,2023-12-31T23:52:00.965Z,19.99970054,2.855346315,0,20,20,21,21,4
638,6eb44cf1_f855_4cb4_99fd_19d55d76cfed,Max_Temperature_Setpoint_Limit,143160,2021-01-01T00:03:17.628Z,2023-12-31T23:52:07.852Z,23.53270117,3.60339646,0,22.5,25,25,25,4
640,adb30815_faf6_4590_95a7_c4c0f7bfd3d9,Min_Temperature_Setpoint_Limit,143169,2021-01-01T00:03:17.648Z,2023-12-31T23:52:07.886Z,19.76218665,3.14923147,0,19,19,21.5,22,4
657,4d03c6d3_efae_4172_987b_729946aaca44,Cooling_Temperature_Setpoint,142950,2021-01-01T00:03:17.832Z,2023-12-31T23:52:08.192Z,23.53117873,3.603448017,0,22.5,25,25,25,4
658,38a93e9d_d911_4ce0_81fa_71972b0ee995,Air_Temperature_Sensor,143139,2021-01-01T00:03:17.843Z,2023-12-31T23:52:08.209Z,3.770356087,2.427409542,0,1,6,6,6,4
659,fab1d85d_ea11_4dd2_b02b_775422a89642,Heating_Temperature_Setpoint,142955,2021-01-01T00:03:17.854Z,2023-12-31T23:52:08.225Z,19.7637893,3.149698545,0,19,19,21.5,22,4
671,b9185a53_b43d_4797_ace0_8850711d25bf,Max_Temperature_Setpoint_Limit,143230,2021-01-01T00:03:17.248Z,2023-12-31T23:52:07.252Z,22.850576,3.461476008,0,22.5,23,23,25,4
673,cd7d3f34_67e6_4520_8a9d_1d44a4ea3d1d,Min_Temperature_Setpoint_Limit,143252,2021-01-01T00:03:17.275Z,2023-12-31T23:52:07.285Z,20.2404504,3.099655411,0,19,21,21.5,21.5,4
690,dde46225_da3c_4751_a600_7e0b1a71e17b,Cooling_Temperature_Setpoint,143180,2021-01-01T00:03:17.468Z,2023-12-31T23:52:07.597Z,22.85019905,3.461395105,0,22.5,23,23,25,4
691,59426334_4fec_4097_8a81_d66cd01c582e,Air_Temperature_Sensor,143179,2021-01-01T00:03:17.479Z,2023-12-31T23:52:07.613Z,2.610285028,2.003372816,0,1,2,2,6,4
692,31b56e56_1515_4abf_822e_93283587aec7,Heating_Temperature_Setpoint,143107,2021-01-01T00:03:17.491Z,2023-12-31T23:52:07.630Z,20.24068354,3.100605169,0,19,21,21.5,21.5,4
752,52333345_fda6_498a_a5eb_8c9becf3996b,Electrical_Energy_Sensor,1445643,2021-01-01T00:00:08.847Z,2023-12-31T23:59:54.938Z,16.50628821,6.261054085,0,16,16,22,22,5
815,62380d5c_9694_48aa_9808_106ac346ca86,b1a78aa6_d50d_4c0a_920e_5ff7019ab663_Sensor,1441858,2021-01-01T00:00:09.472Z,2023-12-31T23:59:56.167Z,44.93720574,15.12301391,0,50,50,50,50.1,5
292,12947a76_8193_46f6_8dea_2c5aac39d1a1,Max_Temperature_Setpoint_Limit,144215,2021-01-01T00:03:13.326Z,2023-12-31T23:52:01.164Z,22.8814983,3.36924912,0,22.5,23,23,25,6
294,c9d83657_d13f_41b0_b773_c6c0606890e3,Min_Temperature_Setpoint_Limit,144164,2021-01-01T00:03:13.348Z,2023-12-31T23:52:01.202Z,20.26110605,3.019436491,0,19,21,21.5,21.5,6
315,6218ba6f_9906_4193_9c16_bba2d8178fba,Cooling_Temperature_Setpoint,144048,2021-01-01T00:03:13.589Z,2023-12-31T23:52:01.579Z,22.87987055,3.370653053,0,22.5,23,23,25,6
317,ee946b24_d5bb_42f2_a2e8_a9365b7df5c2,Heating_Temperature_Setpoint,144010,2021-01-01T00:03:13.612Z,2023-12-31T23:52:01.613Z,20.26138874,3.020856826,0,19,21,21.5,21.5,6
332,10897241_8ad4_4543_8c4c_a845c8c7438e,Max_Temperature_Setpoint_Limit,144007,2021-01-01T00:03:13.785Z,2023-12-31T23:52:01.882Z,22.8800952,3.370059258,0,22.5,23,23,25,6
334,b89e7233_92c4_4a78_a65e_beeb74424ab9,Min_Temperature_Setpoint_Limit,144063,2021-01-01T00:03:13.806Z,2023-12-31T23:52:01.920Z,20.26144721,3.019817548,0,19,21,21.5,21.5,6
354,5766a97b_9bfe_4cf7_8977_d9cd32eda40f,Cooling_Temperature_Setpoint,143953,2021-01-01T00:03:14.047Z,2023-12-31T23:52:02.276Z,22.8798453,3.370621106,0,22.5,23,23,25,6
356,12ceccb3_7882_4009_9b3f_1b0972d88f6f,Heating_Temperature_Setpoint,143929,2021-01-01T00:03:14.071Z,2023-12-31T23:52:02.311Z,20.26161072,3.021522602,0,19,21,21.5,21.5,6
727,41c056b3_0532_45b6_8c5f_afa3fa8784b5,b1a78aa6_d50d_4c0a_920e_5ff7019ab663_Sensor,1446595,2021-01-01T00:00:08.536Z,2023-12-31T23:59:54.316Z,44.9430567,15.1135997,0,50,50,50,50.2,6
749,d5f1b4a1_9025_46c8_b04f_898d578aaef3,b1a78aa6_d50d_4c0a_920e_5ff7019ab663_Sensor,1445766,2021-01-01T00:00:08.770Z,2023-12-31T23:59:54.790Z,44.94549768,15.11082565,0,50,50,50,50.2,6
771,e9c71c58_0047_4611_a978_e8ee77a85417,b1a78aa6_d50d_4c0a_920e_5ff7019ab663_Sensor,1444501,2021-01-01T00:00:09.008Z,2023-12-31T23:59:55.249Z,44.94476563,15.11203948,0,50,50,50,50.2,6
793,8b8c990a_7908_4ce5_9b07_9b0f08fb4769,b1a78aa6_d50d_4c0a_920e_5ff7019ab663_Sensor,1443264,2021-01-01T00:00:09.238Z,2023-12-31T23:59:55.712Z,44.93825142,15.12101231,0,50,50,50,50.2,6
794,494467c5_7a5f_45af_9ad7_64fb9b21037f,Point,1443108,2021-01-01T00:00:09.279Z,2023-12-31T23:59:55.792Z,0.775044993,0.285006106,0,0.75,0.76,1,1,38
816,e05e1c5c_45b4_4044_bfb9_3c8b0f49bf98,Point,1441800,2021-01-01T00:00:09.512Z,2023-12-31T23:59:56.249Z,0.681130261,0.296202923,0,0.56,0.6,1,1,45
728,3d4ef144_67a2_4e0b_8ae0_7c13e867571e,Point,1445744,2021-01-01T00:00:08.579Z,2023-12-31T23:59:54.412Z,0.836744099,0.286014841,0,0.87,0.94,0.96,1,52
811,e91a32ca_1683_4228_9218_298a8e358f11,Current_Sensor,1443084,2021-01-01T00:00:09.400Z,2023-12-31T23:59:56.032Z,0.001371479,0.072417563,0,0,0,0,10.44,54
772,4a2b4d48_5265_40eb_a677_172c77f55c3d,Point,1444357,2021-01-01T00:00:09.049Z,2023-12-31T23:59:55.325Z,0.702865815,0.260773883,0,0.64,0.81,0.84,1,69
145,7e252e62_440d_4753_8fee_86132791aa15,Point,143406,2021-01-01T00:03:16.283Z,2023-12-31T23:52:05.760Z,12.22033248,12.67056719,0,0,15,20.8,32,71
149,2cb58c71_c15c_4934_b320_5cd316f3a1a6,Min_Temperature_Setpoint_Limit,143400,2021-01-01T00:03:16.325Z,2023-12-31T23:52:05.823Z,12.22212413,12.67026526,0,0,15,20.8,32,71
750,ab4de7b0_0656_4bcb_b58c_75734a2ad6e2,Point,1445155,2021-01-01T00:00:08.813Z,2023-12-31T23:59:54.870Z,0.743389996,0.317533867,0,0.53,0.91,0.97,1,73
89,b114392e_3729_4835_8c71_4c16077bad84,Point,143577,2021-01-01T00:03:15.615Z,2023-12-31T23:52:04.753Z,11.73853751,12.7068486,0,0,15,20.2,32,81
93,fa2cd128_5171_40b3_908c_9612c24382db,Min_Temperature_Setpoint_Limit,143536,2021-01-01T00:03:15.661Z,2023-12-31T23:52:04.824Z,11.74197693,12.70703566,0,0,15,20.2,32,81
119,d19ecd1d_f340_4165_a629_a1a74138257f,Max_Temperature_Setpoint_Limit,143552,2021-01-01T00:03:16.003Z,2023-12-31T23:52:05.296Z,16.06652781,15.1148981,0,0,22.4,32,32,83
147,213ac15b_3fbd_40b7_b59b_43ab87a09260,Max_Temperature_Setpoint_Limit,143415,2021-01-01T00:03:16.305Z,2023-12-31T23:52:05.790Z,13.76272217,13.65170398,0,0,15,30.8,32,84
91,2f78775f_b037_4854_997f_1064dd5f6852,Max_Temperature_Setpoint_Limit,143502,2021-01-01T00:03:15.638Z,2023-12-31T23:52:04.785Z,13.30724868,13.84869095,0,0,15,30.2,32,85
203,38fafd1e_6667_469d_b97c_4d3696116d1a,Max_Temperature_Setpoint_Limit,143314,2021-01-01T00:03:16.932Z,2023-12-31T23:52:06.768Z,29.50251197,7.272935086,0,32,32,32,32,85
33,989c4c03_d744_4c48_a58b_b53fc42101e2,Point,143648,2021-01-01T00:03:14.983Z,2023-12-31T23:52:03.666Z,12.94990532,13.18415095,0,0,15,28.2,32,86
37,b3122c59_ceb9_4aaf_a90c_7950df64e7bf,Min_Temperature_Setpoint_Limit,143674,2021-01-01T00:03:15.027Z,2023-12-31T23:52:03.743Z,12.94795161,13.18426469,0,0,15,28.2,32,86
175,bd36e021_4a93_4775_8941_fafe75ae19ed,Max_Temperature_Setpoint_Limit,143360,2021-01-01T00:03:16.605Z,2023-12-31T23:52:06.267Z,24.60199358,11.6894167,0,20.8,32,32,32,86
201,c36eea17_ddf8_4525_90c0_976cb3d90c4c,Point,143291,2021-01-01T00:03:16.907Z,2023-12-31T23:52:06.734Z,26.49490198,8.817983479,0,20.8,32,32,32,86
205,5e89fa22_7eef_4781_b287_3593a241a8f6,Min_Temperature_Setpoint_Limit,143292,2021-01-01T00:03:16.952Z,2023-12-31T23:52:06.800Z,26.49546381,8.817433229,0,20.8,32,32,32,86
5,cf785696_664f_4249_aff4_14c5522387e6,Point,143732,2021-01-01T00:03:14.659Z,2023-12-31T23:52:03.140Z,12.15462945,12.59795623,0,0,15,20.2,32,87
7,82f75178_cc15_4db7_b06c_48432305bd58,Max_Temperature_Setpoint_Limit,143701,2021-01-01T00:03:14.687Z,2023-12-31T23:52:03.177Z,14.89596175,14.42998154,0,0,15,32,32,87
9,73d3b8c1_ace9_41f4_a205_907c32a0cae2,Min_Temperature_Setpoint_Limit,143697,2021-01-01T00:03:14.708Z,2023-12-31T23:52:03.210Z,12.15769432,12.59802337,0,0,15,20.2,32,87
35,bfaf2665_254d_4a13_b1eb_811d5bf3732a,Max_Temperature_Setpoint_Limit,143669,2021-01-01T00:03:15.004Z,2023-12-31T23:52:03.703Z,15.65374715,14.94803143,0,0,15,32,32,87
61,dfb8ff56_c7a7_4d3f_ba5b_2374feb7be52,Point,143594,2021-01-01T00:03:15.300Z,2023-12-31T23:52:04.247Z,19.81847988,7.840480753,0,15,15,31.8,32,87
65,560c54ec_2da0_4064_bffe_feaa922490b6,Min_Temperature_Setpoint_Limit,143611,2021-01-01T00:03:15.344Z,2023-12-31T23:52:04.321Z,19.81765464,7.839929105,0,15,15,31.8,32,87
117,3269cd92_dbc4_401b_aa25_729f23645dff,Point,143482,2021-01-01T00:03:15.981Z,2023-12-31T23:52:05.261Z,12.7553031,12.99480296,0,0,15,24.4,32,87
121,58cf01f8_e5f2_455c_bbcb_6ad0fe5c10cc,Min_Temperature_Setpoint_Limit,143523,2021-01-01T00:03:16.024Z,2023-12-31T23:52:05.333Z,12.75186137,12.9948617,0,0,15,24.4,32,87
173,c4161e69_ad87_48d5_b7cc_065c0c71e55d,Point,143366,2021-01-01T00:03:16.584Z,2023-12-31T23:52:06.233Z,21.59676911,11.79806747,0,15,28.8,32,32,87
177,e5cac543_ce56_46b7_96ed_0a2fa04edab9,Min_Temperature_Setpoint_Limit,143344,2021-01-01T00:03:16.628Z,2023-12-31T23:52:06.299Z,21.59696953,11.79801652,0,15,28.8,32,32,87
850,403284aa_1546_4528_98e3_afea0df2cd05,Usage_Sensor,23474,2021-04-04T19:43:00.000Z,2023-12-31T23:21:00.000Z,0.022422467,0.132219153,0,0,0,0,15.62,125
848,b39cc41e_1c39_4d96_a72f_a4dbda7e81c4,Usage_Sensor,23474,2021-04-04T19:43:00.000Z,2023-12-31T23:21:00.000Z,0.015681392,0.071175522,0,0,0,0,1.06,134
63,5302d3a8_86f6_4afa_8e85_ef1f4f4a853b,Max_Temperature_Setpoint_Limit,143617,2021-01-01T00:03:15.322Z,2023-12-31T23:52:04.284Z,22.58951865,8.45372656,0,15,21.3,32,32,150
699,3624bd6d_337e_4b72_ba60_2233f1c1137f,Usage_Sensor,23474,2021-04-04T19:43:00.000Z,2023-12-31T23:21:00.000Z,2.108613785,6.038879451,0,0,0,1.5,687.4,185
785,bcef6619_a7cd_4b26_92c6_f78b58fb7cbf,Voltage_Sensor,1444499,2021-01-01T00:00:08.987Z,2023-12-31T23:59:55.208Z,215.1351559,72.36756149,0,236.7,238.8,240.8,253.3,220
763,da89eadb_5d68_4aca_bc75_92b99436f2d0,Voltage_Sensor,1445429,2021-01-01T00:00:08.749Z,2023-12-31T23:59:54.752Z,215.3961382,72.47178452,0,236.9,239.1,241,253.6,225
741,60a76402_fb41_4cc0_a8e9_97b6a5a14ba1,Voltage_Sensor,1447107,2021-01-01T00:00:08.515Z,2023-12-31T23:59:54.275Z,215.2111358,72.40063444,0,237,238.9,240.8,253.6,226
761,9ba9f84b_f91b_4168_861f_74c448dacb94,Voltage_Sensor,1446384,2021-01-01T00:00:08.739Z,2023-12-31T23:59:54.733Z,215.4416266,72.46870338,0,236.4,239.5,241.5,254.4,226
829,6dbec550_bd5e_46f8_bbf0_5da86e213c82,Voltage_Sensor,1442080,2021-01-01T00:00:09.452Z,2023-12-31T23:59:56.131Z,215.2183906,72.44771082,0,236.7,239,240.9,253.7,226
827,30fafb3d_ba46_41d4_99e9_068342c65855,Voltage_Sensor,1442844,2021-01-01T00:00:09.442Z,2023-12-31T23:59:56.111Z,215.442247,72.51271544,0,236.5,239.5,241.5,254.4,228
783,b9c0dfe7_4cd7_43a4_b21d_bc514cec2087,Voltage_Sensor,1444974,2021-01-01T00:00:08.978Z,2023-12-31T23:59:55.188Z,215.4818164,72.50563469,0,236.5,239.5,241.5,254.3,229
807,0a7d2a43_da4b_4f50_a2b8_eea1f96e92ec,Voltage_Sensor,1443421,2021-01-01T00:00:09.216Z,2023-12-31T23:59:55.667Z,215.313796,72.48719043,0,236.8,239.1,241,253.8,229
739,7e33c99c_8244_41d7_b5f5_35c03eb78aee,Voltage_Sensor,1447337,2021-01-01T00:00:08.504Z,2023-12-31T23:59:54.253Z,215.6160513,72.51676278,0,236.8,239.7,241.6,254.5,230
805,1984eb96_4be4_4128_a425_7e5abcfd7bad,Voltage_Sensor,1443631,2021-01-01T00:00:09.207Z,2023-12-31T23:59:55.649Z,215.5030085,72.52137114,0,236.6,239.6,241.6,254.4,231
698,1b17847c_ff17_43a3_8a01_3ee94f638cb7,b1a78aa6_d50d_4c0a_920e_5ff7019ab663_Sensor,266035,2021-07-13T01:26:18.520Z,2023-12-31T23:55:23.351Z,46.49226256,12.77017717,0,49.976,49.998,50.019,50.101,232
765,1796b1b3_9ace_4813_8827_08337a5042ee,Voltage_Sensor,1445980,2021-01-01T00:00:08.760Z,2023-12-31T23:59:54.773Z,217.4204985,73.13349021,0,239.2,241.2,243.5,257.4,244
787,c3cddcba_d5c1_4d3e_9242_74ba9f45b254,Voltage_Sensor,1444835,2021-01-01T00:00:08.998Z,2023-12-31T23:59:55.229Z,216.8047483,72.93803647,0,238.3,240.7,242.9,256.6,245
809,84822083_c421_4c60_b4e3_e5c762a6a8d3,Voltage_Sensor,1443627,2021-01-01T00:00:09.227Z,2023-12-31T23:59:55.690Z,217.2076426,73.10729205,0,238.9,241,243.3,257.1,245
831,e25db03d_202d_4d9f_a0b5_6f65f4ed8e40,Voltage_Sensor,1442333,2021-01-01T00:00:09.461Z,2023-12-31T23:59:56.150Z,217.2544576,73.13787119,0,239,241.2,243.4,257.3,245
743,a381ff86_c182_47dd_a6f6_921248304381,Voltage_Sensor,1446842,2021-01-01T00:00:08.526Z,2023-12-31T23:59:54.296Z,217.0678606,73.00396909,0,238.6,240.9,243.1,256.9,246
472,e593c243_6b87_446d_8b40_aac10607dbbe,Usage_Sensor,980,2021-04-05T13:43:00.000Z,2023-12-31T12:21:00.000Z,779.0871633,161.5492893,604.92,654.985,719.36,916.6975,1131.265,302
685,2d12a97f_9bd7_4f21_9ddc_2ac36bf1c7fe,Filter_Differential_Pressure_Sensor,143228,2021-01-01T00:03:17.412Z,2023-12-31T23:52:07.507Z,-10.4478604,2.349821119,-13.2,-12.15,-11.1,-9.65,8.45,326
782,b0b973e8_98cc_4adf_b1d1_774d2314512d,Voltage_Sensor,1444802,2021-01-01T00:00:08.947Z,2023-12-31T23:59:55.131Z,372.4763939,125.2772446,0,409.1,413.7,417.1,439.4,375
760,7891ea90_dc17_4bc8_af18_bb0b14ae4a7d,Voltage_Sensor,1445816,2021-01-01T00:00:08.704Z,2023-12-31T23:59:54.675Z,372.598297,125.34674,0,408.9,414,417.3,439.7,377
804,6392641d_d6f9_4ca5_9a5f_d30e7b591c98,Voltage_Sensor,1443834,2021-01-01T00:00:09.176Z,2023-12-31T23:59:55.588Z,372.5645567,125.4240635,0,409.1,414,417.4,439.6,377
826,e3356164_f7ce_43f9_ac97_541790b24f1e,Voltage_Sensor,1442549,2021-01-01T00:00:09.410Z,2023-12-31T23:59:56.050Z,372.4627037,125.3939914,0,408.9,413.8,417.2,439.1,377
738,43bd8860_c945_4ed0_90d4_8aa83fae24eb,Voltage_Sensor,1446891,2021-01-01T00:00:08.475Z,2023-12-31T23:59:54.191Z,372.5864937,125.3813431,0,409.6,413.9,417.2,439.3,379
828,ef1a387b_7a14_445d_b394_e7e3eef16ef8,Voltage_Sensor,1442585,2021-01-01T00:00:09.421Z,2023-12-31T23:59:56.068Z,374.5775532,126.0650359,0,412,416,419.5,442.6,388
762,5964e4e1_37e7_4d1f_a5e4_a3342d9ed416,Voltage_Sensor,1446056,2021-01-01T00:00:08.715Z,2023-12-31T23:59:54.693Z,374.9438406,126.1599073,0,412.7,416.2,419.7,442.4,389
806,bb33fa6b_6a82_4a3e_92a8_3b744363257a,Voltage_Sensor,1444158,2021-01-01T00:00:09.187Z,2023-12-31T23:59:55.608Z,374.6245488,126.0978125,0,412,416,419.5,442.5,390
784,782ff5fd_e9ba_42d7_b05a_e9fb4cbddc13,Voltage_Sensor,1445077,2021-01-01T00:00:08.957Z,2023-12-31T23:59:55.151Z,374.2032758,125.858496,0,411.6,415.4,418.9,441.5,392
740,1e2dde80_ea56_471a_904d_d98aa2b9aa09,Voltage_Sensor,1447760,2021-01-01T00:00:08.484Z,2023-12-31T23:59:54.211Z,374.4446464,125.9565455,0,412.1,415.7,419.2,442.2,393
775,b81a35cd_3b10_4f4d_a622_b47097752a01,Electrical_Power_Sensor,1462603,2021-01-01T00:00:00.000Z,2023-12-31T23:59:55.290Z,-2.597362244,1.211114764,-4.37,-3.65,-3.01,-2.05,0.42,395
764,1c63d045_3464_4f45_be94_f87bf6e17490,Voltage_Sensor,1445378,2021-01-01T00:00:08.725Z,2023-12-31T23:59:54.713Z,375.3031338,126.2771342,0,412.6,416.8,420.5,443.1,396
786,db7e08e4_50fd_4a34_84d6_f8191b598f60,Voltage_Sensor,1444822,2021-01-01T00:00:08.967Z,2023-12-31T23:59:55.170Z,374.8509549,126.1194487,0,411.9,416.4,420,442.6,397
791,e8f98951_e060_40c2_83a6_9d3239c464a4,Current_Sensor,1444270,2021-01-01T00:00:09.141Z,2023-12-31T23:59:55.531Z,12.01295417,11.91169687,0,0,1.92,24.04,127.28,397
808,10eba71f_8208_40be_961d_1a25936fa4b3,Voltage_Sensor,1443439,2021-01-01T00:00:09.197Z,2023-12-31T23:59:55.629Z,375.2014951,126.2860498,0,412.4,416.7,420.4,442.8,398
830,9d57ea25_0f35_4dc4_91bc_ceda320bdbfd,Voltage_Sensor,1442206,2021-01-01T00:00:09.432Z,2023-12-31T23:59:56.090Z,375.1957836,126.3197121,0,412.6,416.8,420.4,443.1,398
742,2b8a66e5_2f10_4a44_99cd_0e76b87fd132,Voltage_Sensor,1446852,2021-01-01T00:00:08.494Z,2023-12-31T23:59:54.233Z,375.2020997,126.2482712,0,412.5,416.7,420.3,443.1,401
767,eb9ea1fb_e0f8_4e3f_9034_91c40d8d730f,Current_Sensor,1445167,2021-01-01T00:00:08.937Z,2023-12-31T23:59:55.109Z,6.496637607,3.605448148,0,4.04,6.84,9.4,20.84,407
731,d2c45bbe_f5fa_4104_9aa3_fc080e27a112,Electrical_Power_Sensor,1462725,2021-01-01T00:00:00.000Z,2023-12-31T23:59:54.361Z,-1.899703977,1.023218667,-4.62,-2.13,-1.78,-1.55,0,413
768,5b8427ad_9c88_482c_83c0_f9df3c20f460,Current_Sensor,1445036,2021-01-01T00:00:08.907Z,2023-12-31T23:59:55.053Z,4.9534377,3.753594471,0,1.64,3.52,8.56,22.32,426
753,969923d8_06fc_4a23_9559_0504ccee997a,Electrical_Power_Sensor,1461726,2021-01-01T00:00:00.000Z,2023-12-31T23:59:54.829Z,-1.318892255,1.400017223,-4.45,-3.06,-0.73,0,1.49,428
747,882a51a7_8902_444f_bba6_71f2d5cead3f,Current_Sensor,1446500,2021-01-01T00:00:08.674Z,2023-12-31T23:59:54.617Z,4.724337145,2.136159766,0,4,4.96,5.52,21,430
769,aba34360_b41c_4c78_9a09_c112ae524537,Current_Sensor,1445494,2021-01-01T00:00:08.916Z,2023-12-31T23:59:55.071Z,6.976095563,3.819330808,0,5.4,6.04,8.04,23.88,432
789,312ebcd7_5181_4557_9faa_de06a5e0c2a4,Current_Sensor,1444200,2021-01-01T00:00:09.166Z,2023-12-31T23:59:55.567Z,1.81399831,1.958473144,0,0,2.36,2.56,24.12,446
152,16046fad_e38c_4345_8338_6030aa89cba4,Point,143391,2021-01-01T00:03:16.358Z,2023-12-31T23:52:05.873Z,9.340540341,10.61549951,0,0,0,21.52,27.94,449
167,fa4dca2e_0d5b_4ef8_8b1b_80c2ee01e71c,Air_Temperature_Sensor,143375,2021-01-01T00:03:16.518Z,2023-12-31T23:52:06.133Z,9.341072153,10.61583277,0,0,0,21.52,27.94,449
849,5af5135d_0075_4e72_bcf7_3fca4c26fab0,Usage_Sensor,980,2021-04-05T13:43:00.000Z,2023-12-31T12:21:00.000Z,195.4807551,134.4797562,5.875,68.76375,206.12,310.035,376.665,451
724,08b1cc70_e437_43e2_b961_9eb2e1e7cf28,Current_Sensor,1446506,2021-01-01T00:00:08.430Z,2023-12-31T23:59:54.093Z,4.072242161,2.333081131,0,2.16,3.96,6.2,25.84,463
124,da8b3f22_f156_4410_b96a_66b0438086cb,Point,143418,2021-01-01T00:03:16.057Z,2023-12-31T23:52:05.384Z,10.65882832,10.51702953,0,0,15.04,21.56,27.92,474
139,55f85b9e_fd33_44e2_b6c6_e4aa34397989,Air_Temperature_Sensor,143429,2021-01-01T00:03:16.219Z,2023-12-31T23:52:05.654Z,10.65806399,10.5169714,0,0,15.04,21.56,27.92,474
456,f1b9a441_5d6f_4cb1_8e17_a9f18f876e15,Air_Temperature_Sensor,145047,2021-01-01T00:03:10.662Z,2023-12-31T23:51:57.197Z,20.2969796,3.763837689,0,19.26,22,22,27.66,505
745,c3de85f6_91b7_4cff_be64_3d0723e1d4b1,Current_Sensor,1446323,2021-01-01T00:00:08.692Z,2023-12-31T23:59:54.655Z,3.947805794,2.387380328,0,2.32,3.72,5.44,26.24,523
258,5301aad9_aa4e_4703_b434_e7d25fc31959,Point,144827,2021-01-01T00:03:11.738Z,2023-12-31T23:51:58.864Z,19.69513751,3.551664298,0,18.2,20.52,21.9,26.18,535
284,d90f2c2b_99fa_4609_8395_107d76dc8fe3,Air_Temperature_Sensor,144669,2021-01-01T00:03:12.061Z,2023-12-31T23:51:59.319Z,19.69406051,3.552371943,0,18.22,20.52,21.9,26.18,535
790,a64ec55d_eda3_46e8_bad7_90fe1c03f816,Current_Sensor,1443662,2021-01-01T00:00:09.130Z,2023-12-31T23:59:55.511Z,13.68491761,12.94995598,0,0,6.24,26.64,136.76,544
545,fe2df390_0b9e_49b7_b7e6_6290d37c50c4,Point,144578,2021-01-01T00:03:12.231Z,2023-12-31T23:51:59.558Z,19.73529527,3.65808218,0,18.12,20.8,21.96,27.88,554
565,7f269e8d_b754_4484_ad1d_78d7abdd9dbe,Air_Temperature_Sensor,144498,2021-01-01T00:03:12.471Z,2023-12-31T23:51:59.910Z,19.74544077,3.655474926,0,18.12,20.8,21.96,27.88,554
180,bc90f102_8dbf_43a5_8258_df8816ff3813,Point,143316,2021-01-01T00:03:16.665Z,2023-12-31T23:52:06.352Z,10.37005149,10.21663707,0,0,13.84,20.82,28.26,559
195,6b310be6_aadc_49a0_ad92_d5f11ff86d24,Air_Temperature_Sensor,143359,2021-01-01T00:03:16.839Z,2023-12-31T23:52:06.630Z,10.36757678,10.21675016,0,0,13.76,20.82,28.26,559
578,4bc6e154_d12d_451a_b8cb_87eb1641fee2,Point,144410,2021-01-01T00:03:12.634Z,2023-12-31T23:52:00.139Z,19.09585804,3.842299247,0,17.12,19.98,21.82,27.46,570
598,623ef3ce_c32c_4f05_ae16_09a4e0eb5ba1,Air_Temperature_Sensor,144309,2021-01-01T00:03:12.865Z,2023-12-31T23:52:00.491Z,19.09448156,3.843475963,0,17.12,19.98,21.82,27.46,570
748,bdce4a94_9990_4ddd_8b9e_33d253a4da42,Current_Sensor,1445575,2021-01-01T00:00:08.683Z,2023-12-31T23:59:54.636Z,3.20968589,1.831198416,0,2.48,3,4.32,29.2,581
746,ba07cfd8_6558_45a1_9761_feb877307b76,Current_Sensor,1445700,2021-01-01T00:00:08.663Z,2023-12-31T23:59:54.596Z,5.267240064,3.28562414,0,2.16,4.88,7.36,26.08,583
770,477165cc_20e8_4fcb_a477_837eb0f4310e,Current_Sensor,1444719,2021-01-01T00:00:08.928Z,2023-12-31T23:59:55.089Z,8.157628715,4.224053443,0,6.6,8,11.08,26.16,584
455,c06f6743_1c68_485b_9d18_78c33fafb01c,Air_Temperature_Sensor,145084,2021-01-01T00:03:10.635Z,2023-12-31T23:51:57.158Z,18.96279466,5.625299116,0,17.9,20.54,22.14,28.18,598
611,56b0c966_8c9e_423d_b26b_7782a8868561,Point,144245,2021-01-01T00:03:13.020Z,2023-12-31T23:52:00.707Z,18.99931727,3.557196912,0,17.4,20.02,21.16,27.82,599
631,11328598_25fc_4808_ba70_a4a48ed1d6e4,Air_Temperature_Sensor,144241,2021-01-01T00:03:13.246Z,2023-12-31T23:52:01.047Z,18.99906365,3.557826379,0,17.4,20.02,21.16,27.82,599
40,de6a1742_7864_4496_8eb9_4c9b9db00d0b,Point,143568,2021-01-01T00:03:15.060Z,2023-12-31T23:52:03.802Z,9.467921264,10.33014196,0,0,0,20.74,31.74,605
55,3ebacdfd_bd8a_44da_9241_f192615018c7,Air_Temperature_Sensor,143631,2021-01-01T00:03:15.232Z,2023-12-31T23:52:04.152Z,9.463995516,10.32973701,0,0,0,20.74,31.74,605
96,725da21b_4673_48aa_9053_5c0a758d5f5f,Point,143455,2021-01-01T00:03:15.695Z,2023-12-31T23:52:04.885Z,9.306688369,10.63338105,0,0,0,21.06,32.3,606
111,9e5771cc_d778_41a4_9bd3_73da4e9852d2,Air_Temperature_Sensor,143506,2021-01-01T00:03:15.919Z,2023-12-31T23:52:05.161Z,9.303613926,10.63307029,0,0,0,21.06,32.3,606
494,1ccf1c24_fca5_4b0d_af96_34522b52e810,Chilled_Water_Differential_Temperature_Sensor,145025,2021-01-01T00:03:11.028Z,2023-12-31T23:51:57.882Z,0.849970695,1.833613187,-6.32,-0.44,0.68,2.08,6.98,606
208,1c9ebda2_97f9_47f9_b9e3_1c2b45fe6844,Point,143222,2021-01-01T00:03:16.986Z,2023-12-31T23:52:06.852Z,10.09435031,9.998535096,0,0,12.94,20.52,28.26,610
223,b3d83e96_431f_4382_a595_e0edcf939282,Air_Temperature_Sensor,143217,2021-01-01T00:03:17.164Z,2023-12-31T23:52:07.120Z,10.09460567,9.998579534,0,0,12.94,20.52,28.26,610
441,73700c2d_cc14_4743_a2a3_b1cfe2eb032b,Warmest_Zone_Air_Temperature_Sensor,145059,2021-01-01T00:03:10.317Z,2023-12-31T23:51:56.632Z,19.91742174,3.818575725,0,18.28,20.76,22.26,28.36,614
457,de513952_c58a_49e0_9c77_77bcdf1474c1,Air_Temperature_Sensor,145105,2021-01-01T00:03:10.689Z,2023-12-31T23:51:57.231Z,19.47470962,3.916652246,0,17.94,20.2,21.74,27.78,616
586,45923996_731e_48c8_ab40_dbf90bd5b2c2,Filter_Differential_Pressure_Sensor,144455,2021-01-01T00:03:12.726Z,2023-12-31T23:52:00.280Z,15.70690803,21.45007043,-1.9,0.8,1.75,43.9,61.45,618
458,17286014_ce1a_4ed3_89b3_92e0b16f0ef7,Air_Temperature_Sensor,144987,2021-01-01T00:03:10.715Z,2023-12-31T23:51:57.263Z,19.00877458,4.073072721,0,16.86,19.82,21.54,28.42,638
411,f6113e06_759b_426f_9a3a_83a25254a4ea,Air_Temperature_Sensor,145208,2021-01-01T00:03:09.617Z,2023-12-31T23:51:55.523Z,25.97579403,3.941569932,0,25.49,26.54,27.44,31,667
12,7733aafa_cf54_4481_a4cc_379bd8dc5270,Point,143622,2021-01-01T00:03:14.743Z,2023-12-31T23:52:03.266Z,10.94510911,10.34668181,0,0,15.16,21.16,33.12,722
27,9f6e47c8_ec19_402e_b27b_4551655ec984,Air_Temperature_Sensor,143712,2021-01-01T00:03:14.915Z,2023-12-31T23:52:03.551Z,10.93864688,10.34701764,0,0,15.15,21.16,33.12,722
726,2d82b574_ab1b_4d96_871a_5b71f6f3d262,Current_Sensor,1447693,2021-01-01T00:00:08.454Z,2023-12-31T23:59:54.146Z,8.988205593,5.151495252,0,5.44,8.92,12.96,42.88,742
380,fd110a5d_96b4_4df9_808d_4327e545d738,Point,145262,2021-01-01T00:03:08.911Z,2023-12-31T23:51:54.173Z,20.06542468,3.978387545,0,18.18,21.02,22.72,29.3,744
700,be6f602f_e7d7_4a46_ba50_7ef7fba0d76e,Usage_Sensor,980,2021-04-05T13:43:00.000Z,2023-12-31T12:21:00.000Z,65710.43653,13869.11099,38807.5,56344.3,65860.05,74532.05,88331.7,744
406,d2e74c8f_f550_42a0_b05c_bfc61e4e3b12,Air_Temperature_Sensor,145226,2021-01-01T00:03:09.503Z,2023-12-31T23:51:55.317Z,19.7144678,3.934965307,0,17.82,20.56,22.12,29.3,748
364,f00e4df8_06a4_4a96_9261_a8b47c87935f,Air_Temperature_Sensor,143898,2021-01-01T00:03:14.165Z,2023-12-31T23:52:02.457Z,10.69601801,10.60374026,0,0,13.84,21.46,32.58,749
677,a3deeea5_43a5_4bab_a8b9_842ee4fda2ad,Point,143164,2021-01-01T00:03:17.321Z,2023-12-31T23:52:07.358Z,19.64201559,3.856748052,0,18.14,20.32,21.9,28.22,763
697,7d56a436_e850_4768_8038_62e142f5bca0,Air_Temperature_Sensor,143112,2021-01-01T00:03:17.552Z,2023-12-31T23:52:07.723Z,19.64282939,3.857031953,0,18.14,20.34,21.9,28.22,763
365,6712f196_56e0_4f15_baa7_8e9e2ab9443d,Air_Temperature_Sensor,143766,2021-01-01T00:03:14.177Z,2023-12-31T23:52:02.475Z,10.40989803,10.4651407,0,0,12.74,21.22,32.04,788
363,12fd9d33_d6a4_46c3_b647_b58a569a2db5,Air_Temperature_Sensor,143808,2021-01-01T00:03:14.152Z,2023-12-31T23:52:02.439Z,19.92883692,4.023133528,0,18.3,20.62,21.96,32.46,789
298,fc95b2b9_c26a_40a7_bc80_6515ba51429a,Point,144160,2021-01-01T00:03:13.394Z,2023-12-31T23:52:01.271Z,19.91516773,4.054447289,0,18.18,20.62,22.08,32.38,799
324,4e60c456_42a7_4bc9_9fa4_d36f23f46c64,Air_Temperature_Sensor,144122,2021-01-01T00:03:13.693Z,2023-12-31T23:52:01.737Z,19.91488295,4.055019578,0,18.18,20.62,22.08,32.38,799
706,28611c31_e1f3_4626_a32e_486887c704a0,Differential_Pressure_Sensor,145072,2021-01-01T00:03:11.201Z,2023-12-31T23:51:58.129Z,45.0912154,48.9962121,0,7.4,7.84,106.28,132.48,805
797,a38727ba_c15c_4f20_97f4_c8bbabaa8583,Electrical_Power_Sensor,1459700,2021-01-01T00:00:00.000Z,2023-12-31T23:59:55.752Z,5.89955743,6.050857087,0,0,0.52,11.97,51.77,825
228,1bb97105_2614_4197_9cb1_62d0f6f851d6,Air_Temperature_Sensor,143910,2021-01-01T00:03:14.258Z,2023-12-31T23:52:02.588Z,25.92682454,4.000636758,0,25.31,26.54,27.44,33.56,888
349,acefc08d_7a4e_4988_8da4_015ca6626ebe,Warmest_Zone_Air_Temperature_Sensor,143869,2021-01-01T00:03:13.988Z,2023-12-31T23:52:02.186Z,20.24229209,4.04633166,0,18.54,20.8,22.38,32.58,889
725,c3701971_ae21_442b_b93a_d82d47af13a2,Current_Sensor,1449089,2021-01-01T00:00:08.444Z,2023-12-31T23:59:54.124Z,14.40041728,8.543012446,0,10.44,12.08,24.68,44.96,900
723,02e608c1_09fe_48be_91dc_1419d6bc1fa7,Current_Sensor,1448351,2021-01-01T00:00:08.464Z,2023-12-31T23:59:54.169Z,12.45972931,7.879312727,0,7.52,9.48,20.32,43.04,906
802,4fcfdb9e_838e_4026_a388_be52090be2ba,Electrical_Power_Sensor,1442872,2021-01-01T00:00:09.341Z,2023-12-31T23:59:55.916Z,2.531318925,17.82923134,0,0,0.4,4.51,1197.86,918
644,94088409_7c46_4320_b846_a0c4db766cbf,Point,143076,2021-01-01T00:03:17.692Z,2023-12-31T23:52:07.958Z,17.94300679,7.358341634,0,17.52,20.28,22.02,32.6,950
664,38066954_1756_48f6_9902_64c58b9688f4,Air_Temperature_Sensor,142890,2021-01-01T00:03:17.907Z,2023-12-31T23:52:08.325Z,17.94247771,7.362761473,0,17.52,20.28,22.02,32.6,951
322,a268d54f_c714_4ca5_82b8_7c5dba2d69ef,Discharge_Air_Temperature_Sensor,144019,2021-01-01T00:03:13.671Z,2023-12-31T23:52:01.703Z,14.85428062,4.029112225,0,12.24,15.68,17.78,37.54,954
299,7e21a7c7_3c00_4f1f_a639_5cc03bf45494,Point,144022,2021-01-01T00:03:13.406Z,2023-12-31T23:52:01.288Z,14.85311466,4.030119381,0,12.24,15.68,17.78,37.54,957
792,aa2f7338_7edd_4500_ae39_601427c0c341,Current_Sensor,1443648,2021-01-01T00:00:09.153Z,2023-12-31T23:59:55.550Z,13.40504871,13.3342738,0,0,6.88,26.64,125.56,970
841,3010a24a_2deb_43c8_9db4_cfc94c5faa5c,Electrical_Power_Sensor,266037,2021-07-13T01:26:18.083Z,2023-12-31T23:55:23.191Z,0.016019369,0.10985897,-0.725,0,0,0,0.415,1001
756,87677553_3917_452b_8647_6d912927f558,Electrical_Power_Sensor,1446153,2021-01-01T00:00:08.779Z,2023-12-31T23:59:54.808Z,2.410524578,1.278053376,0,1.7,2.45,3.25,13.06,1009
744,d40fdd3a_ee77_485c_9c4f_7f074900c1fe,Electrical_Power_Sensor,1445846,2021-01-01T00:00:08.802Z,2023-12-31T23:59:54.849Z,2.985754984,1.509882858,0,2.16,3.25,3.52,13.08,1015
159,ac8c92ee_96bb_4354_bab7_205cf8973292,Position_Sensor,143257,2021-01-01T00:03:16.433Z,2023-12-31T23:52:05.992Z,6.604513999,24.63014868,0,0,0,0.0649,100,1032
495,21664c05_92c5_453f_9274_123711a5a5c0,Differential_Pressure_Sensor,145063,2021-01-01T00:03:11.040Z,2023-12-31T23:51:57.900Z,30.91568794,48.04574704,0,12.92,13.2,13.6,201.08,1036
366,7baae988_b38f_4f0a_a79c_e91d928f4311,Air_Temperature_Sensor,143835,2021-01-01T00:03:14.191Z,2023-12-31T23:52:02.492Z,20.44775208,4.383953056,0,18.42,21.2,22.68,38.66,1039
619,e8ffc7ba_d2dc_4bff_a068_6317ae240d85,Filter_Differential_Pressure_Sensor,144325,2021-01-01T00:03:13.111Z,2023-12-31T23:52:00.846Z,7.884172527,19.03369285,-7.1,-3.25,-2,4.9,65.6,1041
381,67c1e337_0346_4c2c_bca0_6e24e170cb30,Point,145325,2021-01-01T00:03:08.927Z,2023-12-31T23:51:54.214Z,17.4908481,4.612625389,0,14.56,17.84,20.38,40.7,1051
778,a01c1a36_da2b_4de0_8903_1b4b338360f8,Electrical_Power_Sensor,1444856,2021-01-01T00:00:09.020Z,2023-12-31T23:59:55.269Z,3.750656737,2.249778902,0,2.9,3.15,4.87,12.11,1053
766,27b6662b_9497_466e_a2cf_88c0716d04f3,Electrical_Power_Sensor,1444701,2021-01-01T00:00:09.039Z,2023-12-31T23:59:55.307Z,4.654606261,2.399341845,0,3.55,4.66,5.93,12.67,1054
83,5794706b_7b64_4202_b743_61c671c4add3,Air_Temperature_Sensor,143532,2021-01-01T00:03:15.546Z,2023-12-31T23:52:04.649Z,20.87912953,8.607466141,0,20.1,23.72,26.6,32.67,1055
404,347f59ac_e8c7_4e85_ae58_d4f968707f3f,Discharge_Air_Temperature_Sensor,145157,2021-01-01T00:03:09.450Z,2023-12-31T23:51:55.243Z,17.42288488,4.636245783,0,14.48,17.78,20.38,40.7,1055
68,4d9bb8ab_90de_4d2e_9cc0_d46ec7f7387e,Point,143551,2021-01-01T00:03:15.379Z,2023-12-31T23:52:04.376Z,20.87426413,8.611929543,0,20.1,23.72,26.6,32.67,1056
649,d60c44c3_62fc_409a_a751_8b3ddeb9f197,Position_Sensor,143108,2021-01-01T00:03:17.746Z,2023-12-31T23:52:08.052Z,0.915062037,8.925271555,0,0,0,0,100,1059
19,e6443122_74c4_49df_aeb7_7dc58eeed71e,Position_Sensor,143575,2021-01-01T00:03:14.824Z,2023-12-31T23:52:03.401Z,1.815648097,12.90650429,0,0,0,0.0175,100,1081
629,1f912733_aad2_40bb_afe7_45f6cdf432af,Discharge_Air_Temperature_Sensor,144155,2021-01-01T00:03:13.223Z,2023-12-31T23:52:01.015Z,19.61098387,4.828962648,0,16.7,20.16,22.62,33.96,1089
612,89325e0f_7cfb_4ead_a7d3_aa791cd7e7d0,Point,144157,2021-01-01T00:03:13.031Z,2023-12-31T23:52:00.724Z,19.6152166,4.833030419,0,16.72,20.16,22.62,33.96,1091
497,71c8331a_b0ef_4586_8f80_6b9d1b267562,Return_Water_Temperature_Sensor,144887,2021-01-01T00:03:11.063Z,2023-12-31T23:51:57.934Z,15.04011581,4.335950035,0,12.38,15.02,17.56,34.38,1109
801,cd3cdc47_969f_462b_ab08_db21e7e024a0,Electrical_Power_Sensor,1443287,2021-01-01T00:00:09.330Z,2023-12-31T23:59:55.895Z,2.772925683,19.33842753,0,0,1.41,4.7,1385.81,1173
546,17a38b26_3632_4994_896b_dd92487bb5fc,Point,144429,2021-01-01T00:03:12.242Z,2023-12-31T23:51:59.574Z,19.20486218,4.96489898,0,16.38,20,22.24,35.02,1174
563,81d76fb3_6646_4347_8dad_9900327cefd6,Discharge_Air_Temperature_Sensor,144432,2021-01-01T00:03:12.449Z,2023-12-31T23:51:59.874Z,19.20117827,4.963217696,0,16.38,20,22.24,35.02,1174
839,36044d6b_7db1_4d88_8174_5d4b21fa2314,Point,264491,2021-07-13T01:26:18.617Z,2023-12-31T23:55:23.390Z,-0.241033725,0.899400567,-1,-1,-0.951,0.99,0.999,1176
259,d50fbd1d_72a3_4f1e_8d27_513fc1f7c0d5,Point,144680,2021-01-01T00:03:11.750Z,2023-12-31T23:51:58.884Z,20.04693461,5.711486229,0,16.44,20.16,22.88,47.36,1222
282,da8edb58_9bba_4306_8873_f9a618f35920,Discharge_Air_Temperature_Sensor,144595,2021-01-01T00:03:12.036Z,2023-12-31T23:51:59.283Z,20.04306995,5.709231112,0,16.44,20.14,22.88,47.36,1222
213,a2e1d60e_6698_41dd_9ec4_27e7c5248cee,Position_Sensor,143299,2021-01-01T00:03:17.043Z,2023-12-31T23:52:06.952Z,0.201789669,3.273451564,0,0,0,0,100,1272
800,1043c1cf_c88e_4559_9fba_3edce44a1e09,Electrical_Power_Sensor,1443790,2021-01-01T00:00:09.248Z,2023-12-31T23:59:55.733Z,7.153768754,6.935508161,0,0,2.73,14.11,64.46,1334
652,0261b604_b2fc_4e20_931d_6f3122c2971c,Filter_Differential_Pressure_Sensor,143145,2021-01-01T00:03:17.779Z,2023-12-31T23:52:08.107Z,7.090040099,6.356729844,0,3.23,3.48,13.01,25.17,1442
496,6c9214a5_cec9_4f6a_b787_58620ae90aa0,Discharge_Water_Temperature_Sensor,144992,2021-01-01T00:03:11.052Z,2023-12-31T23:51:57.918Z,15.89194907,5.153249135,0,12.6,15.42,18.74,40.88,1445
452,d26e2136_8c4d_4f0b_9b38_5681724bb725,Discharge_Air_Temperature_Sensor,144952,2021-01-01T00:03:10.569Z,2023-12-31T23:51:57.058Z,18.69185951,5.503003559,0,15.28,19.24,21.62,46.1,1460
705,e022d248_71dc_4142_a4af_01f2eff3360b,Water_Temperature_Sensor,144945,2021-01-01T00:03:11.189Z,2023-12-31T23:51:58.111Z,2.818286936,4.505193449,-9.68,0.76,1.08,1.8,24.06,1463
788,9ccc1290_a8dd_43c1_9d8d_349042fb27df,Electrical_Power_Sensor,1443678,2021-01-01T00:00:09.266Z,2023-12-31T23:59:55.772Z,9.355477613,9.165681004,0,0,2.76,18.48,82.67,1463
431,b2f75740_de75_4a2d_a168_243404f63a7f,Point,145105,2021-01-01T00:03:10.090Z,2023-12-31T23:51:56.262Z,18.69117274,5.499647728,0,15.28,19.24,21.62,46.1,1467
735,d729c013_210c_4aba_8539_ee5c33fefc54,Electrical_Power_Sensor,1446932,2021-01-01T00:00:08.633Z,2023-12-31T23:59:54.534Z,0.994073702,5.769226375,0,0.32,0.83,1.4,559.56,1501
758,7da0d8bf_05c0_4213_bd5d_3356917ad67d,Electrical_Power_Sensor,1445191,2021-01-01T00:00:08.882Z,2023-12-31T23:59:55.010Z,1.057305533,7.06287088,0,0.64,1,1.14,820.5,1509
779,fc0fbb7a_fcd3_4d8d_948f_2e0737f06aab,Electrical_Power_Sensor,1444352,2021-01-01T00:00:09.098Z,2023-12-31T23:59:55.442Z,1.20404758,9.144870347,0,0.34,0.66,1.5,843.4,1530
803,9781fd19_d1e3_4dbb_87f2_8b4e34332f7a,Electrical_Power_Sensor,1442900,2021-01-01T00:00:09.352Z,2023-12-31T23:59:55.938Z,2.843538035,21.23678212,0,0,1.24,4.93,2134.94,1534
553,f3ea305d_c7af_4708_ab6a_91f9f8693e71,Filter_Differential_Pressure_Sensor,144667,2021-01-01T00:03:12.326Z,2023-12-31T23:51:59.691Z,20.93761507,37.28250117,-7.28,-4.94,-3.74,69.07,103.15,1535
187,daa4ba03_ffb6_4ed6_ac5b_f726319f70c7,Position_Sensor,143200,2021-01-01T00:03:16.746Z,2023-12-31T23:52:06.489Z,17.46830152,37.80353893,0,0,0,0.0856,100,1553
840,f79b2095_a259_4f04_9a80_9e4e5380016f,Electrical_Power_Sensor,264506,2021-07-13T01:26:17.849Z,2023-12-31T23:55:23.157Z,-0.035278871,0.162600225,-1.41,-0.053,0,0,0.392,1574
780,10002612_fe3c_450b_9bf7_ba516e331361,Electrical_Power_Sensor,1444105,2021-01-01T00:00:09.110Z,2023-12-31T23:59:55.467Z,1.651239799,10.92811368,0,0.93,1.11,1.56,999.72,1592
759,b537c4ee_9ab9_49af_a73b_70fa6e3b6055,Electrical_Power_Sensor,1445281,2021-01-01T00:00:08.894Z,2023-12-31T23:59:55.031Z,0.809251364,5.894114394,0,0.42,0.68,1,1585.68,1607
339,ceed9740_53bc_41b4_ba74_cd6311c55e64,Point,143917,2021-01-01T00:03:13.871Z,2023-12-31T23:52:02.006Z,18.48214971,5.538594017,0,15.24,18.9,21.14,52.42,1611
360,3c0f9669_b985_4488_b12c_0db42b17ae2b,Discharge_Air_Temperature_Sensor,143866,2021-01-01T00:03:14.117Z,2023-12-31T23:52:02.388Z,18.48332407,5.538263809,0,15.22,18.9,21.14,52.42,1612
264,5c754743_a7ef_4397_9daf_17a57cad9d20,Position_Sensor,144655,2021-01-01T00:03:11.813Z,2023-12-31T23:51:58.967Z,2.58681142,15.34989728,0,0,0,0,100,1626
781,d54ce31c_50ff_4915_af0f_5694a9e3aade,Electrical_Power_Sensor,1443935,2021-01-01T00:00:09.120Z,2023-12-31T23:59:55.491Z,1.698261944,11.72492644,0,0.83,1.46,1.96,1192.79,1644
722,ff903ff1_5b5d_41c3_ab72_75b49c9df39b,Electrical_Power_Sensor,1446703,2021-01-01T00:00:08.567Z,2023-12-31T23:59:54.386Z,6.367438901,3.011957437,0,4.95,6.33,8.3,18.97,1649
757,88f33bdd_5e78_48b1_b8e4_7ee6b358ea35,Electrical_Power_Sensor,1445225,2021-01-01T00:00:08.870Z,2023-12-31T23:59:54.986Z,1.009648373,8.444544543,0,0.33,0.72,1.1,1340.61,1653
734,27b478b7_9326_4665_a148_06b3e62a6f45,Electrical_Power_Sensor,1446859,2021-01-01T00:00:08.544Z,2023-12-31T23:59:54.335Z,6.008705499,2.971398698,0,4.54,6.09,7.91,18.56,1664
682,5df63319_c6ce_4a51_b145_09841a4fe6e2,Position_Sensor,143262,2021-01-01T00:03:17.378Z,2023-12-31T23:52:07.443Z,3.565281539,18.15796254,0,0,0,0,100,1705
678,aacd13d2_716d_4c0d_92ae_45b03b34bbac,Point,143154,2021-01-01T00:03:17.334Z,2023-12-31T23:52:07.376Z,21.18465485,6.890738288,0,17.54,20.56,23.16,45.72,1787
695,1fab2d67_c02f_4f6a_b761_4aa3d164d7e5,Discharge_Air_Temperature_Sensor,143064,2021-01-01T00:03:17.529Z,2023-12-31T23:52:07.688Z,21.1107201,6.895642921,0,17.56,20.2,23.08,46,1799
813,7ea4c937_94bc_413c_b087_4b3232772add,Current_Sensor,1443285,2021-01-01T00:00:09.374Z,2023-12-31T23:59:55.989Z,12.1995921,25.14534304,0,0,3.54,7.98,158.22,1799
812,f415083c_0e4a_4ca0_bc69_61b59324e1e0,Current_Sensor,1442837,2021-01-01T00:00:09.364Z,2023-12-31T23:59:55.964Z,12.20091534,25.41999585,0,0,3.24,7.44,161.52,1814
814,cee6f002_0277_4f56_9636_c4b91fd57570,Current_Sensor,1442596,2021-01-01T00:00:09.388Z,2023-12-31T23:59:56.011Z,12.4931065,26.66818884,0,0,2.4,7.08,168.72,1826
842,bb86923b_2f22_4aaa_b50f_7aa162635eba,Electrical_Power_Sensor,266046,2021-07-13T01:26:18.141Z,2023-12-31T23:55:23.217Z,-0.066525808,0.227744363,-1.752,-0.071,0,0,0.421,1913
737,65116d40_8e7c_4a61_9dd0_c9d797504140,Electrical_Power_Sensor,1446559,2021-01-01T00:00:08.652Z,2023-12-31T23:59:54.576Z,2.363824718,17.98056949,0,1.11,2,2.67,1372.01,1915
736,c698af17_1a9f_493d_a24e_add7ce859f54,Electrical_Power_Sensor,1445980,2021-01-01T00:00:08.642Z,2023-12-31T23:59:54.556Z,3.97625232,28.79890184,0,2.24,2.6,5.89,2120.69,2028
103,8a0b61fd_28bf_45d7_88e1_47f8eec9a347,Position_Sensor,143375,2021-01-01T00:03:15.775Z,2023-12-31T23:52:05.020Z,6.423886056,24.20854125,0,0,0,0.0465,100,2067
129,58a27651_cd8b_4a68_b423_a6f8ece58a94,Position_Sensor,143513,2021-01-01T00:03:16.110Z,2023-12-31T23:52:05.476Z,0.234310816,3.393205122,0,0,0,0,100,2105
616,8b604b37_aef4_4ad4_bcb8_5ec3e5c26deb,Position_Sensor,144359,2021-01-01T00:03:13.076Z,2023-12-31T23:52:00.788Z,0.964785235,8.810708917,0,0,0,0.0254,100,2233
268,f394c9cd_72dd_4993_a79d_be85473cdcbf,Filter_Differential_Pressure_Sensor,144879,2021-01-01T00:03:11.859Z,2023-12-31T23:51:59.037Z,48.07590334,69.97313998,-0.45,1,1.7,130.85,214.35,2268
645,7411525a_14d7_4b55_aa51_7cc11d8d1c57,Point,143042,2021-01-01T00:03:17.702Z,2023-12-31T23:52:07.981Z,22.20222872,9.216475898,0,17.36,20.58,24.16,58.34,2282
662,e13c04f2_5db9_42af_ac8e_a1c1f5caa679,Discharge_Air_Temperature_Sensor,143063,2021-01-01T00:03:17.886Z,2023-12-31T23:52:08.286Z,22.19455373,9.20895985,0,17.34,20.58,24.16,58.34,2282
430,c561d880_f43a_4626_aee0_4e4bcfb3d280,Point,145020,2021-01-01T00:03:10.060Z,2023-12-31T23:51:56.230Z,19.29163415,4.134181144,0,17.6,20.3,21.775,28.18,2410
432,2fd1c1ab_7bfe_44d1_b1b9_01488a83f05f,Average_Zone_Air_Temperature_Sensor,145206,2021-01-01T00:03:10.106Z,2023-12-31T23:51:56.301Z,19.2899313,4.132027195,0,17.6,20.2925,21.77,28.18,2410
131,77f66bf3_4b12_4406_a921_bc7adf8098d0,Position_Sensor,143324,2021-01-01T00:03:16.133Z,2023-12-31T23:52:05.515Z,6.469381061,24.24978623,0,0,0,0.0088,100,2465
579,be4fe8f0_de84_4470_8ace_f42268be3dc7,Point,144357,2021-01-01T00:03:12.645Z,2023-12-31T23:52:00.158Z,23.42884446,9.986569555,0,19.28,21.4,22.98,65.04,2492
596,92cb1bd7_b38b_4258_a0d8_7cd3154f8dca,Discharge_Air_Temperature_Sensor,144333,2021-01-01T00:03:12.840Z,2023-12-31T23:52:00.459Z,23.43126464,9.991151119,0,19.28,21.4,22.98,65.04,2492
824,1a5494eb_f54d_4a30_85f1_7112e3c3b4a8,Electrical_Power_Sensor,1441505,2021-01-01T00:00:09.573Z,2023-12-31T23:59:56.365Z,2.122114276,10.56836409,0,0,0.42,1.12,3064.71,2505
45,fa8f1a22_6c53_4141_a181_91c6dc0e344d,Position_Sensor,143696,2021-01-01T00:03:15.119Z,2023-12-31T23:52:03.903Z,0.578031649,6.203043682,0,0,0,0,100,2571
823,64541acc_3244_481e_9142_a06be610c28e,Electrical_Power_Sensor,1442124,2021-01-01T00:00:09.561Z,2023-12-31T23:59:56.345Z,2.121075969,10.11372335,0,0,0.53,1.14,3708.97,2670
75,6ac095ab_36fc_40ea_8d9e_927fc1db6767,Position_Sensor,143471,2021-01-01T00:03:15.457Z,2023-12-31T23:52:04.500Z,2.408653603,14.53225867,0,0,0,0,100,2760
825,c23628e1_3be4_4e95_8fe4_549e4818c2cd,Electrical_Power_Sensor,1451343,2021-01-01T00:00:09.584Z,2023-12-31T23:59:56.385Z,2.176038807,11.59028507,0,0,0.26,0.95,3480.65,2779
846,54bfe9e4_7e0f_484e_8a37_67f5915f3fc8,Voltage_Sensor,266032,2021-07-13T01:26:16.897Z,2023-12-31T23:55:22.835Z,222.4612992,61.14226313,0,237.73,239.235,240.304,253.114,2973
433,fd037ec9_4f32_4c11_bd81_1ee9f25ea508,Position_Sensor,144927,2021-01-01T00:03:10.137Z,2023-12-31T23:51:56.337Z,2.831668114,15.70076635,0,0,0,0,100,3010
845,ed75b4a7_337a_4103_8a60_95d35fe356f9,Voltage_Sensor,266031,2021-07-13T01:26:16.829Z,2023-12-31T23:55:22.812Z,223.0998182,61.31779335,0,238.376,239.936,241.016,254.408,3014
847,8be7fb20_8d4b_410c_b580_a9f0a0b0c917,Voltage_Sensor,266045,2021-07-13T01:26:16.965Z,2023-12-31T23:55:22.863Z,224.3653539,61.66892038,0,239.797,241.218,242.428,255.995,3179
708,4d8495e0_c9be_43a1_8b87_9e53eedc4495,Return_Water_Temperature_Sensor,144938,2021-01-01T00:03:11.224Z,2023-12-31T23:51:58.163Z,32.36083608,21.76088375,0,14.04,22.32,57.155,71.32,3387
707,f380c64a_3437_4012_b9ff_03358a2144f0,Discharge_Water_Temperature_Sensor,144965,2021-01-01T00:03:11.212Z,2023-12-31T23:51:58.146Z,35.18345711,23.9872332,0,15,23.72,64.22,74.86,3527
73,4a62ba89_9aed_4390_902b_2707ee8b9c74,Position_Sensor,143618,2021-01-01T00:03:15.433Z,2023-12-31T23:52:04.461Z,13.93742076,34.17237369,0,0,0,0,100,3537
345,9345a858_35a1_4713_bad4_16002b08ece2,Filter_Differential_Pressure_Sensor,143978,2021-01-01T00:03:13.942Z,2023-12-31T23:52:02.113Z,52.11287349,83.79433687,-4.45,-0.1,0.6,154.55,571.25,3594
312,9079339e_7691_49a4_85eb_72c34b50738e,Damper_Position_Sensor,144093,2021-01-01T00:03:13.554Z,2023-12-31T23:52:01.521Z,49.16824576,28.31875102,0,21.1131,50,50,100,3803
338,0ef8992a_ccd9_4120_8add_6bfba5a4aa3b,Point,143966,2021-01-01T00:03:13.860Z,2023-12-31T23:52:01.989Z,19.51186811,5.066334773,0,17.985,20.89,22.33,34.99,3882
340,60f9369f_b7bb_4d03_9b8a_32d06a9826e0,Average_Zone_Air_Temperature_Sensor,144083,2021-01-01T00:03:13.884Z,2023-12-31T23:52:02.024Z,19.50746136,5.068236317,0,17.98,20.885,22.325,34.99,3890
47,39b19d28_59a8_441e_a241_cfb902989edc,Position_Sensor,143490,2021-01-01T00:03:15.142Z,2023-12-31T23:52:03.946Z,2.544591866,14.77898524,0,0,0,0.0045,100,4033
437,53fe9aa9_551e_4394_96ca_30bbd99055ae,Filter_Differential_Pressure_Sensor,145243,2021-01-01T00:03:10.224Z,2023-12-31T23:51:56.486Z,58.01626825,91.97963149,-0.25,2.3,2.75,151,571.35,4036
819,4b57752b_3f1b_4e5e_b7b9_827fbdb8294b,Electrical_Power_Sensor,1458292,2021-01-01T00:00:00.000Z,2023-12-31T23:59:56.208Z,6.338408967,13.06259463,0,0,1.83,4.23,78.08,4122
185,b2f20353_3105_4781_8d66_8008adb780a4,Position_Sensor,143366,2021-01-01T00:03:16.723Z,2023-12-31T23:52:06.451Z,1.907069129,12.27539968,0,0,0,0,100,4154
101,e8bdd3d0_c91d_4bd0_8d08_698aec3f3185,Position_Sensor,143576,2021-01-01T00:03:15.750Z,2023-12-31T23:52:04.980Z,3.449069533,17.11461143,0,0,0,0,100,4160
832,ffdb52d3_f6f9_4b2d_96f4_3b9e3ee0600a,Usage_Sensor,144634,2021-01-01T00:03:11.549Z,2023-12-31T23:51:58.606Z,479543.8108,93427.00565,0,410824,532714,550034,559544,4206
837,a1be7214_6b91_4243_8dd5_df8e81591ffe,Usage_Sensor,144927,2021-01-01T00:03:11.572Z,2023-12-31T23:51:58.636Z,89032.55032,65986.19726,0,12700,134580,151910,161420,4484
583,bd05ba9f_4563_4c9b_a787_d077b71dab36,Position_Sensor,144469,2021-01-01T00:03:12.691Z,2023-12-31T23:52:00.226Z,2.196375904,12.7277641,0,0,0,0.0769,100,4485
307,c3990511_0d2c_499d_b939_dea88e81eb8e,Filter_Differential_Pressure_Sensor,144248,2021-01-01T00:03:13.497Z,2023-12-31T23:52:01.435Z,40.84101201,72.93751683,-4.25,-2,-0.9,104.7,478.7,4677
490,a7625d8e_c749_4245_8c21_a55f16dbd082,Cooling_Command,144880,2021-01-01T00:03:10.984Z,2023-12-31T23:51:57.808Z,13.29910052,33.30447978,0,0,0,0.132,100,4681
341,69d202a0_e748_4bf7_ae0a_6c52d3339b2d,Position_Sensor,143795,2021-01-01T00:03:13.896Z,2023-12-31T23:52:02.042Z,13.14952104,33.13720154,0,0,0,0.132,100,4690
822,519c0d4d_0cef_4bc0_848e_4d8cd26f7709,Electrical_Power_Sensor,1442812,2021-01-01T00:00:09.482Z,2023-12-31T23:59:56.187Z,6.162798819,13.4967525,0,0,1.21,3.23,89.68,4812
17,f7208c91_5274_4391_b920_7f03b2acbfeb,Position_Sensor,143759,2021-01-01T00:03:14.801Z,2023-12-31T23:52:03.360Z,1.908476177,12.1095041,0,0,0,0,100,5069
639,edd9a75f_d0ea_4720_b3fe_41d279514427,Max_Temperature_Setpoint_Limit,143077,2021-01-01T00:03:17.638Z,2023-12-31T23:52:07.869Z,28.4501673,5.268885483,0,30,30,30,30,5172
389,8c653335_24b7_491c_a3d2_ca7961175f36,Filter_Differential_Pressure_Sensor,145478,2021-01-01T00:03:09.111Z,2023-12-31T23:51:54.677Z,57.40967981,95.54967862,-3.1,-1,-0.3,120.95,358.45,5235
810,d105b80b_8f6f_4786_959c_b1efc8a293ed,Electrical_Power_Sensor,1442711,2021-01-01T00:00:09.502Z,2023-12-31T23:59:56.228Z,8.918187101,18.80377741,0,0,2.19,5.31,117.51,5311
390,030e72f4_4e97_47a9_bd7e_6a1433a76528,Position_Sensor,145147,2021-01-01T00:03:09.133Z,2023-12-31T23:51:54.719Z,12.92694205,32.70335967,0,0,0,0.1435,100,5514
550,292069fc_b6da_492f_aaf6_258fb2ac3f46,Position_Sensor,144678,2021-01-01T00:03:12.289Z,2023-12-31T23:51:59.639Z,3.074697852,15.66400947,0,0,0,0.0122,100,5640
320,27b340fd_9156_4c61_8421_eb5e67648bfa,Damper_Position_Sensor,144016,2021-01-01T00:03:13.646Z,2023-12-31T23:52:01.665Z,55.30302029,37.8361912,0,0.1738,78.881,79,100,5758
385,aaaa015a_c1bc_4afb_8f1a_f65342045f07,Position_Sensor,145250,2021-01-01T00:03:09.015Z,2023-12-31T23:51:54.382Z,9.308926815,27.98329103,0,0,0,0.0167,100,6034
325,d31987d1_1756_48a6_bfc6_ab129fc30084,Outside_Air_Temperature_Sensor,143968,2021-01-01T00:03:13.704Z,2023-12-31T23:52:01.755Z,15.40924608,6.022438133,0,11.405,14.905,18.72,42.845,6302
367,6b5a7bdf_b566_44cf_99e8_be7ca514fa00,Outside_Air_Temperature_Sensor,143830,2021-01-01T00:03:14.202Z,2023-12-31T23:52:02.510Z,15.41281669,6.023451247,0,11.41,14.905,18.72,42.845,6303
285,59d9b366_e56a_4faf_88c3_dd4299b51ba8,Outside_Air_Temperature_Sensor,144525,2021-01-01T00:03:12.072Z,2023-12-31T23:51:59.339Z,15.39993672,6.016644847,0,11.4,14.895,18.705,42.845,6304
407,9c4a31dc_2195_4f59_b3eb_2d744f1bddc0,Outside_Air_Temperature_Sensor,145372,2021-01-01T00:03:09.523Z,2023-12-31T23:51:55.359Z,15.34141331,6.004061087,0,11.4,14.79,18.63,42.845,6308
459,1f24bcff_00c1_4843_b4ee_e33a4cf23c32,Outside_Air_Temperature_Sensor,145229,2021-01-01T00:03:10.738Z,2023-12-31T23:51:57.317Z,15.34586481,6.004868276,0,11.405,14.8,18.635,42.845,6308
499,f13cf5c2_20f7_4279_b182_8bdcd3089cf6,Cooling_Command,144952,2021-01-01T00:03:11.084Z,2023-12-31T23:51:57.967Z,18.0272968,37.54653748,0,0,0,0.1902,100,6378
844,5e176e58_f776_46e9_8e5d_d88c5e0b718c,Electrical_Energy_Sensor,281301,2021-01-01T00:15:00.000Z,2023-12-31T23:55:23.450Z,59855.81539,16019.40253,0,64388.832,64390.552,64391.952,64393.392,6443
303,4325430d_eaf6_4742_b9b1_25b580b8bf6d,Position_Sensor,143923,2021-01-01T00:03:13.451Z,2023-12-31T23:52:01.361Z,12.90980163,32.38384872,0,0,0,0.1124,100,6458
836,664ddc27_ccc5_43a1_97b7_3000c0e948db,Outside_Air_Temperature_Sensor,144690,2021-01-01T00:03:11.512Z,2023-12-31T23:51:58.561Z,15.39103186,6.014538563,0,11.395,14.875,18.695,42.845,6625
157,0ea4aa4f_0228_4dae_afd1_5da948fdb5d7,Position_Sensor,143421,2021-01-01T00:03:16.410Z,2023-12-31T23:52:05.957Z,5.425402576,21.38417848,0,0,0,0,100,6716
653,f2362f57_7f87_452c_8d3b_b3e4e68b7ab5,Position_Sensor,143013,2021-01-01T00:03:17.790Z,2023-12-31T23:52:08.124Z,10.25938395,28.92414178,0,0,0,0.0272,100,6786
686,2cb1aa91_d358_4551_a667_7edb9917a185,Position_Sensor,143108,2021-01-01T00:03:17.423Z,2023-12-31T23:52:07.527Z,27.90568146,43.97919964,0,0,0,99.865975,100,7304
835,03d25283_5abe_4120_b184_903bc77109c0,Outside_Air_Humidity_Sensor,144638,2021-01-01T00:03:11.500Z,2023-12-31T23:51:58.546Z,59.03173903,19.84555787,-3.45,46.13,60.97,74.97,90.21,8052
641,336414e6_7de4_4d41_8b6d_c914d0092e16,Min_Temperature_Setpoint_Limit,143082,2021-01-01T00:03:17.658Z,2023-12-31T23:52:07.904Z,22.67783194,7.360529159,0,16,22.4,30,30,8693
215,e5c9b95d_45e1_45d3_acf5_214066dcf82c,Position_Sensor,143127,2021-01-01T00:03:17.070Z,2023-12-31T23:52:06.988Z,19.3356541,38.54145415,0,0,0,0.1965,100,8788
253,f85ce24c_f090_4d58_b0ea_d26e95f55147,Max_Temperature_Setpoint_Limit,144778,2021-01-01T00:03:11.676Z,2023-12-31T23:51:58.770Z,28.72072991,4.644796585,0,29.9982,30,30,30,9077
395,00fc1fb0_41ba_4bb7_a570_9028d0bd451f,Damper_Position_Sensor,145284,2021-01-01T00:03:09.245Z,2023-12-31T23:51:54.904Z,52.14526351,38.52968256,0,20.0262,20.1782,99.8984,100,9756
402,d3337246_6084_4add_b40c_ae718e49929d,Damper_Position_Sensor,145120,2021-01-01T00:03:09.408Z,2023-12-31T23:51:55.160Z,51.77705359,36.98756124,0,0.150075,79.855,80,100,9889
273,35739c91_b712_4847_beea_9de0c41ab8fd,Damper_Position_Sensor,144664,2021-01-01T00:03:11.921Z,2023-12-31T23:51:59.124Z,42.26208891,35.12839137,0,20.038,20.1257,91.64975,100,10375
280,efc0e732_cd0f_4b44_bb78_373c67f066b8,Damper_Position_Sensor,144637,2021-01-01T00:03:12.013Z,2023-12-31T23:51:59.247Z,55.80873786,35.4968694,0,0.1943,79.8644,79.9587,80,10380
443,cee135fd_0590_4d6a_a1cc_e9ffc1c4e332,Damper_Position_Sensor,145074,2021-01-01T00:03:10.362Z,2023-12-31T23:51:56.705Z,45.79377277,42.19920232,0,10.0453,10.1723,99.8937,100,10401
637,3fe79a74_9e7f_4a29_ab60_284c712c8243,Point,143089,2021-01-01T00:03:17.617Z,2023-12-31T23:52:07.834Z,26.19149404,6.772827233,0,23.4144,30,30,30,10479
450,78078042_e16e_425b_9ec8_605aa149274e,Damper_Position_Sensor,144954,2021-01-01T00:03:10.523Z,2023-12-31T23:51:56.981Z,57.90593624,40.95948612,0,0.1513,89.8491,89.9821,100,10593
358,250af432_9be1_4475_ae81_50c4e43cbdc9,Damper_Position_Sensor,143885,2021-01-01T00:03:14.093Z,2023-12-31T23:52:02.349Z,48.20488798,39.60614162,0,0.1392,79.8239,79.9946,100,10735
717,6c61a963_a4cf_485d_a15f_13154222a1ae,Heating_Command,144768,2021-01-01T00:03:11.324Z,2023-12-31T23:51:58.309Z,17.62293271,36.38150463,0,0,0,0.1763,100,10810
351,cd856e99_e635_4995_80da_0652f88f6e7a,Damper_Position_Sensor,143823,2021-01-01T00:03:14.012Z,2023-12-31T23:52:02.222Z,52.23300463,38.04643423,0,20.0199,20.1715,99.8503,100,10981
606,f0e22692_4f06_4931_929a_d84f35397c56,Max_Temperature_Setpoint_Limit,144315,2021-01-01T00:03:12.963Z,2023-12-31T23:52:00.623Z,28.46347352,4.822647896,0,29.8596,30,30,30,11287
554,4bbc2b2b_0c0d_4312_bf7d_a81a3bc85a62,Position_Sensor,144475,2021-01-01T00:03:12.338Z,2023-12-31T23:51:59.709Z,8.529354859,25.57351036,0,0,0.0589,0.1594,100,11317
346,d1f111b9_0c46_4c87_9b45_e8cd3112bcf0,Position_Sensor,143936,2021-01-01T00:03:13.952Z,2023-12-31T23:52:02.132Z,10.88836783,29.11942445,0,0,0.0283,0.1373,100,11394
308,a6efa18a_c19b_4e3b_8a48_0cbd3736b3ae,Position_Sensor,144089,2021-01-01T00:03:13.507Z,2023-12-31T23:52:01.453Z,13.2491849,31.51804023,0,0,0.0504,0.1646,100,12104
425,344aaffb_1732_44b1_b4a7_f1219c90fcd7,Max_Temperature_Setpoint_Limit,145061,2021-01-01T00:03:09.953Z,2023-12-31T23:51:56.041Z,28.04732565,5.264420761,0,29.8502,30,30,30,12126
573,2613b9a8_374b_4cb3_a058_bf01cf32dd56,Max_Temperature_Setpoint_Limit,144446,2021-01-01T00:03:12.567Z,2023-12-31T23:52:00.052Z,28.38710503,4.884856134,0,29.8805,30,30,30,12565
438,f2eacc3b_8b91_4e0f_83f0_5eb19cab173a,Position_Sensor,144995,2021-01-01T00:03:10.251Z,2023-12-31T23:51:56.525Z,15.88295837,34.28284648,0,0,0,0.1346,100,13049
471,fd91b406_f358_4786_89cd_23ff63effa48,Electrical_Power_Sensor,264500,2021-07-13T01:26:18.412Z,2023-12-31T23:55:23.306Z,1.743669573,2.98297434,-0.621,0,0,2.463,16.563,13675
469,8a3270ca_af93_48ee_be19_c1addf3df25a,Electrical_Power_Sensor,266048,2021-07-13T01:26:18.213Z,2023-12-31T23:55:23.246Z,1.779985311,3.02679718,-0.48,0,0,2.523,16.756,13820
465,202cf2c0_356e_4a2a_9f30_6cb1e06bd638,Electrical_Power_Sensor,264506,2021-07-13T01:26:17.737Z,2023-12-31T23:55:23.126Z,1.720468572,2.979588351,-0.153,0,0,2.439,16.408,13848
470,12f70f76_a4e7_4ca9_a3bb_7178197baa17,Electrical_Power_Sensor,266048,2021-07-13T01:26:18.296Z,2023-12-31T23:55:23.278Z,1.788527018,3.038571718,-0.482,0,0,2.537,16.79,13864
293,a7035f1c_6617_4c57_b28e_9c8de4c53706,Max_Temperature_Setpoint_Limit,144117,2021-01-01T00:03:13.336Z,2023-12-31T23:52:01.184Z,26.48007845,6.037835273,0,25.1104,29.7,29.7,29.7,13891
463,6f844326_c153_4231_86d7_a801b524b5f3,Electrical_Power_Sensor,264492,2021-07-13T01:26:17.551Z,2023-12-31T23:55:23.072Z,1.753019827,3.022495001,-0.026,0,0,2.495,16.733,13980
587,130a1dd7_4a2b_47bf_ad36_ca19f27c3236,Position_Sensor,144353,2021-01-01T00:03:12.738Z,2023-12-31T23:52:00.302Z,11.48462822,29.15283505,0,0,0.0441,0.1756,100,14008
464,4a15eb2a_0ad2_49ea_91da_47f66e46a794,Electrical_Power_Sensor,264492,2021-07-13T01:26:17.645Z,2023-12-31T23:55:23.105Z,1.764189945,3.040104808,-0.036,0,0,2.514,16.901,14019
575,6655c63b_1a57_4fe9_a2a7_8331873624ec,Min_Temperature_Setpoint_Limit,144479,2021-01-01T00:03:12.598Z,2023-12-31T23:52:00.087Z,24.99814077,6.630330307,0,19.6392,29.8805,30,30,14103
571,dbc23a28_250f_4967_92ca_583c44b2e912,Point,144472,2021-01-01T00:03:12.545Z,2023-12-31T23:52:00.016Z,24.9967706,6.630040392,0,19.63625,29.8805,30,30,14113
672,34b0bb58_bfd1_4626_ac5a_e8ffbe158a2d,Max_Temperature_Setpoint_Limit,143206,2021-01-01T00:03:17.260Z,2023-12-31T23:52:07.268Z,28.16600103,5.283158904,0,29.9255,30,30,30,14666
291,5855ced9_1d30_495b_a545_a0eaeb31aa76,Point,144086,2021-01-01T00:03:13.314Z,2023-12-31T23:52:01.147Z,22.00014232,6.849415261,0,16,20.5529,29.7,29.7,14992
295,6970ec93_43db_4ca0_bb81_5302734d9eed,Min_Temperature_Setpoint_Limit,144153,2021-01-01T00:03:13.360Z,2023-12-31T23:52:01.219Z,21.99901383,6.848299928,0,16,20.5548,29.7,29.7,15017
620,6f648be2_6194_45f4_ad12_cc0c4a014c58,Position_Sensor,144169,2021-01-01T00:03:13.122Z,2023-12-31T23:52:00.865Z,13.67227827,31.32520354,0,0,0.0065,0.1645,100,16477
540,f7099058_afdb_421a_91b7_c08237abe7d7,Max_Temperature_Setpoint_Limit,144601,2021-01-01T00:03:12.169Z,2023-12-31T23:51:59.474Z,27.72511857,5.306049398,0,29.1895,30,30,30,16714
269,475e4abd_143c_43fe_bb45_b40c6c9d4500,Position_Sensor,144702,2021-01-01T00:03:11.872Z,2023-12-31T23:51:59.055Z,19.59614976,37.36210607,0,0,0,0.1963,100,16791
333,f89604a5_99e8_42ec_b385_aa6a865cb76b,Max_Temperature_Setpoint_Limit,143958,2021-01-01T00:03:13.796Z,2023-12-31T23:52:01.902Z,26.8221918,5.965079777,0,25.935925,29.9152,30,30,18627
375,5f644b32_42e8_4cf9_8a39_4444a41a3735,Max_Temperature_Setpoint_Limit,145418,2021-01-01T00:03:08.788Z,2023-12-31T23:51:53.938Z,26.29728746,6.259144429,0,23.2,29.9044,30,30,19471
373,802cff1b_cc7a_490d_9eda_fe56241b15cb,Point,145476,2021-01-01T00:03:08.746Z,2023-12-31T23:51:53.808Z,23.1676318,7.149958035,0,16.0247,25.17085,30,30,19796
377,d53fd751_a856_4e37_9c8a_7dfed4a2665c,Min_Temperature_Setpoint_Limit,145394,2021-01-01T00:03:08.839Z,2023-12-31T23:51:54.046Z,23.16378308,7.149965469,0,16.0247,25.1429,30,30,19807
335,444f93de_4904_4a2d_a56b_270f0b78723c,Min_Temperature_Setpoint_Limit,143914,2021-01-01T00:03:13.818Z,2023-12-31T23:52:01.937Z,22.78587681,6.670997328,0,17.0503,21.4283,29.95,30,21608
331,083c0f25_8bc1_4db8_b2d6_9bd0223dae4d,Point,143973,2021-01-01T00:03:13.773Z,2023-12-31T23:52:01.863Z,22.78904546,6.670839677,0,17.0529,21.4341,29.95,30,21611
538,5d709da6_60c8_4dce_b33e_fd8a337e54dc,Point,144639,2021-01-01T00:03:12.143Z,2023-12-31T23:51:59.440Z,23.10062257,6.728428321,0,16.1528,21.9637,30,30,22490
674,4f9b0cc9_cbc2_40e2_aecc_57d740cd1ca2,Min_Temperature_Setpoint_Limit,143127,2021-01-01T00:03:17.288Z,2023-12-31T23:52:07.302Z,23.43667812,7.106031043,0,16,26.1628,30,30,23401
670,bbb9ec1d_6c57_42b3_b8a6_d26b56f4d85f,Point,143273,2021-01-01T00:03:17.235Z,2023-12-31T23:52:07.235Z,23.4384028,7.105092702,0,16,26.1691,30,30,23436
542,81a3d707_cb1e_4ce3_a127_afcb0755a366,Min_Temperature_Setpoint_Limit,144537,2021-01-01T00:03:12.195Z,2023-12-31T23:51:59.507Z,23.40688664,6.863904982,0,16.1195,24.1005,30,30,23886
427,0d3b1b76_c042_4c6e_a885_34d11845b725,Min_Temperature_Setpoint_Limit,145092,2021-01-01T00:03:10.000Z,2023-12-31T23:51:56.119Z,23.43655845,6.9341991,0,16.1174,24.86575,29.9541,30,24264
423,2c210e9e_d0f8_410c_84d8_5aae5764cac1,Point,145107,2021-01-01T00:03:09.908Z,2023-12-31T23:51:55.968Z,23.43849913,6.934186465,0,16.1174,24.8792,29.9541,30,24265
255,3bd76f4a_9fb2_4477_9777_56329fd9bf4a,Min_Temperature_Setpoint_Limit,144766,2021-01-01T00:03:11.702Z,2023-12-31T23:51:58.805Z,25.15928781,6.42513644,0,20.596475,29.8366,30,30,25076
251,676a25db_36e7_4448_a0bc_b9c0e6162902,Point,144810,2021-01-01T00:03:11.647Z,2023-12-31T23:51:58.735Z,25.15720451,6.424967894,0,20.5996,29.8352,30,30,25079
604,07ae8323_56bf_4a33_9fac_7ba7f1da6f00,Point,144358,2021-01-01T00:03:12.941Z,2023-12-31T23:52:00.589Z,23.44821743,6.854715472,0,16.136,24.56365,30,30,25773
608,b81f4b1a_cdb0_471e_b197_8dc4d39e5f13,Min_Temperature_Setpoint_Limit,144281,2021-01-01T00:03:12.986Z,2023-12-31T23:52:00.656Z,23.44631482,6.855254139,0,16.1319,24.5595,30,30,25773
821,b4ddffb2_3f89_4e54_a67d_b9b67dc2120c,Electrical_Energy_Sensor,1441810,2021-01-01T00:00:09.532Z,2023-12-31T23:59:56.287Z,77668.01044,30583.92003,0,71735,79401,102156,113711,27125
818,d9e781e0_1de1_46f9_8b93_3865860c9049,Electrical_Energy_Sensor,1441855,2021-01-01T00:00:09.542Z,2023-12-31T23:59:56.305Z,421963.1063,143077.7943,0,452866,462202,487496,499454,30833
755,40697530_1df5_47dd_ae18_89c4aaa2a8fd,Electrical_Energy_Sensor,1445059,2021-01-01T00:00:08.836Z,2023-12-31T23:59:54.918Z,478159.1758,161345.4066,0,518955,528640,542288,560057,37796
506,f3628673_839d_4681_9a34_b6374951908f,Current_Sensor,266047,2021-07-13T01:26:17.185Z,2023-12-31T23:55:22.952Z,7.269200728,12.37784952,0,0,0,10.248,69.127,39736
504,0c2ce5e2_3858_4303_8e11_7e2080c187c2,Current_Sensor,266032,2021-07-13T01:26:17.029Z,2023-12-31T23:55:22.888Z,7.430554561,12.61251886,0,0,0,10.535,70.151,40152
505,f104dcf4_694e_4507_9c99_db25e7a63e9e,Current_Sensor,266044,2021-07-13T01:26:17.097Z,2023-12-31T23:55:22.918Z,7.480461683,12.67408555,0,0,0,10.627,70.813,40178
777,2fd4569b_a084_4e5a_9898_0d8801310fb6,Electrical_Energy_Sensor,1444369,2021-01-01T00:00:09.069Z,2023-12-31T23:59:55.367Z,763157.0357,257450.4183,0,828568,849665,862751,886338,57534
796,6cbc6276_6433_4918_8547_b2409e95a527,Electrical_Energy_Sensor,1443453,2021-01-01T00:00:09.311Z,2023-12-31T23:59:55.851Z,514177.9019,174761.6733,0,545940,565096,594332,618910,60241
799,fe28339c_e17d_4a5c_ad7c_e056f42a644d,Electrical_Energy_Sensor,1443200,2021-01-01T00:00:09.301Z,2023-12-31T23:59:55.830Z,584726.937,199034.3989,0,619399.75,642187,675890,708321,73697
466,b52d78be_742a_4a1e_a6b4_498de7cca709,Angle_Sensor,264488,2021-07-13T01:26:17.281Z,2023-12-31T23:55:22.980Z,-3.019419305,15.21698498,-98.5518,0,0,1.7114,7.8556,74829
467,d5156069_91d0_468f_bbf7_96070b4325cd,Angle_Sensor,264503,2021-07-13T01:26:17.385Z,2023-12-31T23:55:23.013Z,-4.067835943,15.48651004,-97.2681,0,0,0,5.6386,75333
468,9c9c5d83_ba16_4b45_826d_071e226ebbe8,Angle_Sensor,264504,2021-07-13T01:26:17.466Z,2023-12-31T23:55:23.038Z,-3.20607352,16.53705281,-159.8185,0,0,2.2093,48.7247,75378
733,9ad43890_1083_47db_8d1f_60a37a0f139a,Electrical_Energy_Sensor,1446211,2021-01-01T00:00:08.602Z,2023-12-31T23:59:54.463Z,514466.8961,177128.8114,0,533360,558526,602980.5,650777,96749
843,853a7557_bcaf_468c_9f25_6d1ae28a0de6,Electrical_Energy_Sensor,282965,2021-01-01T00:00:00.000Z,2023-12-31T23:55:23.418Z,58543.49579,40117.69187,0,15583.12,58982.472,96082.032,128047.376,119549